season,team,Winner,Logistic_Probability,Random_Forest_Probability,Logistic_Rank
25/26,Paris Saint-Germain,1,0.9962703065994245,0.31,1
25/26,FC Bayern München,0,0.9731890134076805,0.555,2
25/26,ŠK Slovan Bratislava,0,0.87187803223249,0.03,3
25/26,Manchester City,0,0.6575323778943093,0.27,4
25/26,Real Madrid,0,0.5672485929899231,0.095,5
25/26,FC Barcelona,0,0.5670632818511248,0.36,6
25/26,Red Bull Salzburg,0,0.4036072613050623,0.005,7
25/26,PSV Eindhoven,0,0.28153566892999243,0.055,8
25/26,Borussia Dortmund,0,0.24785677804698542,0.105,9
25/26,Bayer 04 Leverkusen,0,0.064512827746181,0.01,10
25/26,Club Brugge KV,0,0.05118371310933245,0.005,11
25/26,Inter,0,0.037805042451147075,0.055,12
25/26,Benfica,0,0.02566110807781419,0.04,13
25/26,Atalanta,0,0.014061542851401463,0.025,14
25/26,Arsenal,0,0.01139380587553173,0.05,15
25/26,Celtic,0,0.008491417603663665,0.0,16
25/26,Atlético Madrid,0,0.00835630034845633,0.01,17
25/26,Sporting CP,0,0.008276617938686243,0.0,18
25/26,Feyenoord,0,0.00793222367189947,0.005,19
25/26,FK Crvena Zvezda,0,0.0038664302076721205,0.0,20
25/26,Juventus,0,0.0024780312244895614,0.0,21
25/26,AS Monaco,0,0.0013027565585667915,0.0,22
25/26,Liverpool FC,0,0.0004012916677477278,0.03,23
25/26,SK Sturm Graz,0,4.7734392948407246e-05,0.0,24
25/26,Malmö FF,0,2.6812302556790365e-05,0.0,25
25/26,Ludogorets,0,1.8468709163275036e-05,0.0,26
25/26,Dynamo Kyiv,0,1.4671165980885883e-05,0.01,27
25/26,Bodø/Glimt,0,1.0709234114478517e-05,0.01,28
25/26,FCSB,0,5.046526386182072e-06,0.0,29
25/26,Qarabağ FK,0,3.6515360328778336e-06,0.015,30
25/26,Lincoln Red Imps,0,2.1948818748691977e-06,0.0,31
25/26,RFS,0,9.73708774622253e-07,0.0,32
25/26,Dinamo Minsk,0,7.457348037040761e-07,0.0,33
25/26,Ferencváros TC,0,4.1134546045075677e-07,0.005,34
25/26,Royale Union Saint-Gilloise,0,2.542903978848443e-07,0.0,35
25/26,KF Egnatia,0,1.9252094475006572e-07,0.0,36
25/26,SS Virtus,0,1.898609608257001e-07,0.0,37
25/26,FC Differdange 03,0,1.8234928306431728e-07,0.0,38
25/26,Maccabi Tel Aviv,0,1.654267832122051e-07,0.0,39
25/26,Rangers,0,1.5866387928849316e-07,0.0,40
25/26,Fenerbahçe,0,1.0152024729559296e-07,0.0,41
25/26,Ħamrun Spartans FC,0,9.482041408049123e-08,0.0,42
25/26,Galatasaray,0,8.091361237526421e-08,0.015,43
25/26,The New Saints,0,2.3252502857668098e-08,0.0,44
25/26,SK Slavia Praha,0,3.9473009491852185e-09,0.0,45
