team,source_season,matches,wins,draws,losses,goals_scored,goals_conceded,goal_difference,win_rate,goals_per_match,goals_conceded_per_match,shots,shots_on_target,possession,passes,Winner_Probability,Rank
Paris Saint-Germain,25/26,17,11,4,2,49,26,23,0.6470588235294118,2.8823529411764706,1.5294117647058822,18.764705882352946,6.9411764705882355,63.64705882352941,629.2941176470588,0.5770974495005132,1
Atlético Madrid,25/26,16,7,3,6,35,28,7,0.4375,2.1875,1.75,14.25,5.4375,49.3125,475.8125,0.25032523946086194,2
FC Bayern München,25/26,14,11,1,2,43,20,23,0.7857142857142857,3.0714285714285716,1.4285714285714286,18.428571428571427,8.071428571428571,60.785714285714285,623.6428571428571,0.05294100317831456,3
Club Brugge KV,25/26,14,7,2,5,32,27,5,0.5,2.2857142857142856,1.9285714285714288,14.785714285714286,6.571428571428571,49.714285714285715,498.92857142857144,0.03925950306597449,4
Manchester City,25/26,10,5,1,4,16,14,2,0.5,1.6,1.4,15.6,6.9,58.7,600.8,0.03781756067248493,5
Inter,25/26,10,5,0,5,17,12,5,0.5,1.7,1.2,18.0,5.4,57.3,544.6,0.035508121275768335,6
Lille,24/25,14,7,3,4,25,17,8,0.5,1.7857142857142858,1.2142857142857142,10.785714285714286,4.285714285714286,50.785714285714285,473.1428571428572,0.03449675664007661,7
Real Madrid,25/26,14,9,0,5,33,20,13,0.6428571428571429,2.357142857142857,1.4285714285714286,17.428571428571427,6.928571428571429,53.57142857142857,510.8571428571428,0.030831342315243447,8
Bodø/Glimt,25/26,14,6,3,5,28,24,4,0.4285714285714285,2.0,1.7142857142857142,11.357142857142858,5.071428571428571,46.92857142857143,455.2142857142857,0.030763349836453697,9
FC Barcelona,25/26,12,7,2,3,32,20,12,0.5833333333333334,2.6666666666666665,1.6666666666666667,16.666666666666668,7.083333333333333,63.333333333333336,585.9166666666666,0.019478579903369764,10
Sporting CP,25/26,12,6,2,4,22,15,7,0.5,1.8333333333333333,1.25,12.916666666666666,5.083333333333333,50.083333333333336,490.0,0.017042229730037422,11
Liverpool FC,25/26,12,7,0,5,24,13,11,0.5833333333333334,2.0,1.0833333333333333,19.166666666666668,7.5,52.75,483.1666666666667,0.009973689176464724,12
Galatasaray,25/26,12,5,1,6,17,20,-3,0.4166666666666667,1.4166666666666667,1.6666666666666667,13.0,5.083333333333333,50.333333333333336,449.5,0.0087593832632767,13
SSC Napoli,25/26,8,2,2,4,9,15,-6,0.25,1.125,1.875,11.75,3.625,51.625,513.25,0.006156789107858579,14
VfB Stuttgart,24/25,8,3,1,4,13,17,-4,0.375,1.625,2.125,17.375,5.625,59.125,550.125,0.004654665340307193,15
RB Leipzig,24/25,8,1,0,7,8,15,-7,0.125,1.0,1.875,12.875,4.625,47.5,450.5,0.004364879944431668,16
Borussia Dortmund,25/26,10,4,2,4,22,21,1,0.4,2.2,2.1,11.0,4.7,53.5,504.8,0.0032553051980596225,17
Villarreal,25/26,8,0,1,7,5,18,-13,0.0,0.625,2.25,13.625,3.75,42.25,394.25,0.002870233172783295,18
Arsenal,25/26,15,11,3,1,33,11,22,0.7333333333333333,2.2,0.7333333333333333,14.4,5.8,51.13333333333333,442.8666666666667,0.0026119014505521106,19
PSV Eindhoven,25/26,8,2,2,4,16,16,0,0.25,2.0,2.0,10.75,3.875,51.875,466.75,0.0008832409051873453,20
Shakhtar Donetsk,24/25,8,2,1,5,8,16,-8,0.25,1.0,2.0,9.5,2.875,45.0,426.25,0.0008413446825876154,21
Aston Villa,24/25,12,8,1,3,23,12,11,0.6666666666666666,1.9166666666666667,1.0,12.833333333333334,5.416666666666667,47.166666666666664,428.5833333333333,0.0008141826350078876,22
ŠK Slovan Bratislava,25/26,4,1,2,1,10,7,3,0.25,2.5,1.75,16.0,2.0,54.0,520.0,0.0005245670587493458,23
AEK Athens,23/24,4,1,1,2,5,6,-1,0.25,1.25,1.5,16.75,5.5,60.333333333333336,549.5,0.0002467011263877599,24
SK Slavia Praha,25/26,8,0,3,5,5,19,-14,0.0,0.625,2.375,12.375,3.75,46.375,337.125,0.00010501286263887199,25
Manchester United,23/24,6,1,1,4,12,15,-3,0.1666666666666666,2.0,2.5,11.833333333333334,4.5,46.0,429.3333333333333,9.946658023926344e-05,26
FC Porto,23/24,8,5,0,3,18,13,5,0.625,2.25,1.625,13.0,5.75,47.875,433.375,5.1573024295293576e-05,27
RC Lens,23/24,6,2,2,2,6,11,-5,0.3333333333333333,1.0,1.8333333333333333,10.0,2.8333333333333335,44.0,387.1666666666667,2.1596420021727676e-05,28
Fenerbahçe,25/26,4,1,1,2,6,5,1,0.25,1.5,1.25,10.5,4.0,50.25,399.0,3.7013346146462137e-06,29
Feyenoord,25/26,2,1,0,1,4,6,-2,0.5,2.0,3.0,14.5,6.0,49.5,356.0,5.0955259841809714e-08,30
