team,season,previous_matches,previous_wins,previous_draws,previous_losses,previous_goals_scored,previous_goals_conceded,previous_goal_difference,previous_win_rate,previous_goals_per_match,previous_goals_conceded_per_match,previous_shots,previous_shots_on_target,previous_possession,previous_passes,previous_season,Winner,dataset_type
AFC Ajax,21/22,6,2,1,3,7,7,0,0.3333333333333333,1.1666666666666667,1.1666666666666667,11.666666666666666,5.0,56.333333333333336,526.3333333333334,20/21,0,training
Atalanta,21/22,8,3,2,3,11,12,-1,0.375,1.375,1.5,11.375,5.25,46.25,466.875,20/21,0,training
Atlético Madrid,21/22,8,2,3,3,7,11,-4,0.25,0.875,1.375,11.875,4.0,48.625,475.0,20/21,0,training
BSC Young Boys,21/22,2,1,0,1,3,4,-1,0.5,1.5,2.0,8.0,3.0,58.0,436.0,20/21,0,training
Benfica,21/22,1,0,0,1,1,2,-1,0.0,1.0,2.0,16.0,5.0,73.0,641.0,20/21,0,training
Beşiktaş JK,21/22,1,0,0,1,1,3,-2,0.0,1.0,3.0,12.3,4.464102564102564,50.833333333333336,486.625,20/21,0,training
Borussia Dortmund,21/22,10,5,2,3,19,13,6,0.5,1.9,1.3,12.0,5.1,49.4,564.2,20/21,0,training
CFR 1907 Cluj,21/22,2,1,0,1,9,8,1,0.5,4.5,4.0,12.3,4.464102564102564,50.833333333333336,486.625,20/21,0,training
CS Fola Esch,21/22,1,0,0,1,0,2,-2,0.0,0.0,2.0,12.3,4.464102564102564,50.833333333333336,486.625,20/21,0,training
Celtic,21/22,2,1,0,1,7,2,5,0.5,3.5,1.0,28.0,9.0,71.0,711.0,20/21,0,training
Chelsea,21/22,13,9,3,1,23,4,19,0.6923076923076923,1.7692307692307692,0.3076923076923077,11.23076923076923,4.461538461538462,52.07692307692308,535.5384615384615,20/21,0,training
Club Brugge KV,21/22,6,2,2,2,8,10,-2,0.3333333333333333,1.3333333333333333,1.6666666666666667,9.333333333333334,3.3333333333333335,50.166666666666664,508.6666666666667,20/21,0,training
Connah's Quay Nomads,21/22,1,0,0,1,0,2,-2,0.0,0.0,2.0,12.3,4.464102564102564,50.833333333333336,486.625,20/21,0,training
Dinamo Tbilisi,21/22,1,0,0,1,0,2,-2,0.0,0.0,2.0,12.3,4.464102564102564,50.833333333333336,486.625,20/21,0,training
Dynamo Kyiv,21/22,9,4,1,4,11,14,-3,0.4444444444444444,1.2222222222222223,1.5555555555555556,8.555555555555555,4.222222222222222,45.0,467.22222222222223,20/21,0,training
FC Barcelona,21/22,8,5,1,2,18,10,8,0.625,2.25,1.25,18.0,7.75,62.375,736.625,20/21,0,training
FC Bayern München,21/22,10,8,1,1,27,10,17,0.8,2.7,1.0,16.5,6.2,60.0,585.6,20/21,0,training
FC Midtjylland,21/22,10,3,3,4,12,14,-2,0.3,1.2,1.4,11.0,4.4,43.3,362.7,20/21,0,training
FC Porto,21/22,10,6,1,3,15,9,6,0.6,1.5,0.9,8.3,3.9,39.5,364.2,20/21,0,training
FC Zenit,21/22,6,0,1,5,4,13,-9,0.0,0.6666666666666666,2.1666666666666665,9.833333333333334,2.3333333333333335,45.666666666666664,457.0,20/21,0,training
FK Budućnost Podgorica,21/22,1,0,0,1,1,3,-2,0.0,1.0,3.0,12.3,4.464102564102564,50.833333333333336,486.625,20/21,0,training
FK Crvena Zvezda,21/22,3,2,0,1,9,5,4,0.6666666666666666,3.0,1.6666666666666667,12.3,4.464102564102564,50.833333333333336,486.625,20/21,0,training
Ferencváros TC,21/22,11,3,3,5,14,22,-8,0.2727272727272727,1.2727272727272727,2.0,9.22222222222222,2.6666666666666665,43.22222222222222,463.8888888888889,20/21,0,training
Flora Tallinn,21/22,1,0,0,1,3,5,-2,0.0,3.0,5.0,12.3,4.464102564102564,50.833333333333336,486.625,20/21,0,training
GNK Dinamo Zagreb,21/22,2,1,0,1,9,9,0,0.5,4.5,4.5,12.3,4.464102564102564,50.833333333333336,486.625,20/21,0,training
Inter,21/22,6,1,3,2,7,9,-2,0.1666666666666666,1.1666666666666667,1.5,13.5,3.3333333333333335,50.166666666666664,512.6666666666666,20/21,0,training
Inter Club d'Escaldes,21/22,1,0,0,1,1,2,-1,0.0,1.0,2.0,12.3,4.464102564102564,50.833333333333336,486.625,20/21,0,training
Juventus,21/22,8,6,0,2,18,8,10,0.75,2.25,1.0,15.5,6.375,55.125,607.125,20/21,0,training
Legia Warszawa,21/22,2,1,0,1,1,2,-1,0.5,0.5,1.0,12.3,4.464102564102564,50.833333333333336,486.625,20/21,0,training
Linfield FC,21/22,3,2,0,1,5,1,4,0.6666666666666666,1.6666666666666667,0.3333333333333333,12.3,4.464102564102564,50.833333333333336,486.625,20/21,0,training
Liverpool FC,21/22,10,6,2,2,15,6,9,0.6,1.5,0.6,11.0,4.4,52.1,545.6,20/21,0,training
Ludogorets,21/22,2,1,0,1,3,2,1,0.5,1.5,1.0,11.0,4.0,53.0,407.0,20/21,0,training
Manchester City,21/22,13,11,1,1,25,5,20,0.8461538461538461,1.9230769230769231,0.3846153846153846,13.0,5.6923076923076925,60.38461538461539,684.5384615384615,20/21,0,training
Manchester United,21/22,6,3,0,3,15,10,5,0.5,2.5,1.6666666666666667,14.333333333333334,6.0,50.833333333333336,498.3333333333333,20/21,0,training
Olympiacos FC,21/22,8,2,1,5,4,10,-6,0.25,0.5,1.25,11.125,3.375,52.375,503.25,20/21,0,training
Omonia Nicosia,21/22,5,3,1,1,8,5,3,0.6,1.6,1.0,6.0,1.5,36.0,329.0,20/21,0,training
Paris Saint-Germain,21/22,12,6,1,5,22,15,7,0.5,1.8333333333333333,1.25,12.0,4.416666666666667,48.333333333333336,483.0,20/21,0,training
RB Leipzig,21/22,8,4,0,4,11,16,-5,0.5,1.375,2.0,12.5,3.875,52.25,513.375,20/21,0,training
Real Madrid,21/22,12,6,3,3,19,14,5,0.5,1.5833333333333333,1.1666666666666667,13.583333333333334,5.25,57.833333333333336,644.9166666666666,20/21,1,training
Red Bull Salzburg,21/22,8,3,1,4,15,19,-4,0.375,1.875,2.375,18.5,7.625,51.125,477.125,20/21,0,training
Riga FC,21/22,1,0,0,1,0,2,-2,0.0,0.0,2.0,12.3,4.464102564102564,50.833333333333336,486.625,20/21,0,training
SK Rapid Wien,21/22,2,1,0,1,2,2,0,0.5,1.0,1.0,14.5,7.0,52.5,422.5,20/21,0,training
SK Slavia Praha,21/22,2,0,1,1,1,4,-3,0.0,0.5,2.0,11.0,3.5,54.0,392.0,20/21,0,training
Sevilla,21/22,8,4,2,2,13,13,0,0.5,1.625,1.625,16.125,6.375,60.625,578.875,20/21,0,training
Shakhtar Donetsk,21/22,6,2,2,2,5,12,-7,0.3333333333333333,0.8333333333333334,2.0,6.833333333333333,2.8333333333333335,45.833333333333336,489.5,20/21,0,training
Sheriff Tiraspol,21/22,2,1,0,1,3,2,1,0.5,1.5,1.0,12.3,4.464102564102564,50.833333333333336,486.625,20/21,0,training
AC Milan,22/23,6,1,1,4,6,9,-3,0.1666666666666666,1.0,1.5,8.0,2.8333333333333335,46.833333333333336,399.1666666666667,21/22,0,training
AFC Ajax,22/23,8,6,1,1,22,8,14,0.75,2.75,1.0,16.125,6.25,61.625,571.5,21/22,0,training
AS Monaco,22/23,4,2,1,1,7,4,3,0.5,1.75,1.0,17.75,7.5,51.25,514.5,21/22,0,training
Atlético Madrid,22/23,10,3,3,4,9,10,-1,0.3,0.9,1.0,9.6,2.8,39.9,358.4,21/22,0,training
Benfica,22/23,14,6,5,3,20,18,2,0.4285714285714285,1.4285714285714286,1.2857142857142858,9.428571428571429,3.357142857142857,41.642857142857146,400.7857142857143,21/22,0,training
Bodø/Glimt,22/23,2,0,0,2,2,5,-3,0.0,1.0,2.5,12.3,4.464102564102564,50.833333333333336,486.625,21/22,0,training
Borussia Dortmund,22/23,6,3,0,3,10,11,-1,0.5,1.6666666666666667,1.8333333333333333,14.166666666666666,5.0,51.833333333333336,521.6666666666666,21/22,0,training
CFR 1907 Cluj,22/23,6,3,1,2,10,8,2,0.5,1.6666666666666667,1.3333333333333333,7.75,3.25,28.5,253.0,21/22,0,training
Celtic,22/23,2,0,1,1,2,3,-1,0.0,1.0,1.5,10.5,3.0,63.0,610.0,21/22,0,training
Chelsea,22/23,10,7,1,2,21,10,11,0.7,2.1,1.0,16.8,5.7,61.4,635.6,21/22,0,training
Club Brugge KV,22/23,6,1,1,4,6,20,-14,0.1666666666666666,1.0,3.3333333333333335,10.166666666666666,4.333333333333333,38.5,368.8333333333333,21/22,0,training
Dynamo Kyiv,22/23,6,0,1,5,1,11,-10,0.0,0.1666666666666666,1.8333333333333333,8.0,2.8333333333333335,40.833333333333336,413.0,21/22,0,training
FC Barcelona,22/23,6,2,1,3,2,9,-7,0.3333333333333333,0.3333333333333333,1.5,10.0,2.0,58.0,577.6666666666666,21/22,0,training
FC Bayern München,22/23,10,7,2,1,31,7,24,0.7,3.1,0.7,19.0,7.1,63.3,618.3,21/22,0,training
FC Midtjylland,22/23,4,1,1,2,3,6,-3,0.25,0.75,1.5,6.75,1.75,38.25,361.5,21/22,0,training
FC Porto,22/23,6,1,2,3,4,11,-7,0.1666666666666666,0.6666666666666666,1.8333333333333333,10.833333333333334,3.0,48.0,384.3333333333333,21/22,0,training
FK Crvena Zvezda,22/23,4,1,1,2,7,4,3,0.25,1.75,1.0,14.75,5.0,50.833333333333336,486.625,21/22,0,training
FK Žalgiris,22/23,4,2,0,2,6,7,-1,0.5,1.5,1.75,11.0,3.0,50.833333333333336,486.625,21/22,0,training
Ferencváros TC,22/23,8,5,0,3,17,9,8,0.625,2.125,1.125,9.8,4.0,48.666666666666664,388.3333333333333,21/22,0,training
GNK Dinamo Zagreb,22/23,8,5,2,1,10,6,4,0.625,1.25,0.75,15.2,4.4,63.666666666666664,533.0,21/22,0,training
HJK,22/23,4,2,1,1,10,5,5,0.5,2.5,1.25,10.0,3.0,50.833333333333336,486.625,21/22,0,training
Hibernians,22/23,2,0,0,2,0,5,-5,0.0,0.0,2.5,12.3,4.464102564102564,50.833333333333336,486.625,21/22,0,training
Inter,22/23,8,4,1,3,9,7,2,0.5,1.125,0.875,16.625,4.75,49.0,485.25,21/22,0,training
Inter Club d'Escaldes,22/23,2,1,0,1,1,2,-1,0.5,0.5,1.0,12.3,4.464102564102564,50.833333333333336,486.625,21/22,0,training
Juventus,22/23,8,5,1,2,11,10,1,0.625,1.375,1.25,13.0,4.75,51.5,523.0,21/22,0,training
Lincoln Red Imps,22/23,4,1,1,2,8,6,2,0.25,2.0,1.5,7.0,4.0,50.833333333333336,486.625,21/22,0,training
Linfield FC,22/23,2,0,0,2,2,5,-3,0.0,1.0,2.5,12.3,4.464102564102564,50.833333333333336,486.625,21/22,0,training
Liverpool FC,22/23,13,10,1,2,30,14,16,0.7692307692307693,2.3076923076923075,1.0769230769230769,17.23076923076923,6.3076923076923075,62.23076923076923,618.6923076923077,21/22,0,training
Ludogorets,22/23,8,5,2,1,14,8,6,0.625,1.75,1.0,11.666666666666666,4.333333333333333,54.0,477.5,21/22,0,training
Maccabi Haifa,22/23,2,0,1,1,1,3,-2,0.0,0.5,1.5,12.3,4.464102564102564,50.833333333333336,486.625,21/22,0,training
Malmö FF,22/23,14,5,3,6,14,22,-8,0.3571428571428571,1.0,1.5714285714285714,7.0,2.5454545454545454,40.4,376.75,21/22,0,training
Manchester City,22/23,12,7,2,3,29,16,13,0.5833333333333334,2.4166666666666665,1.3333333333333333,16.0,5.833333333333333,60.583333333333336,625.9166666666666,21/22,1,training
Olympiacos FC,22/23,4,2,1,1,6,7,-1,0.5,1.5,1.75,9.0,2.75,50.833333333333336,486.625,21/22,0,training
PSV Eindhoven,22/23,6,4,1,1,12,4,8,0.6666666666666666,2.0,0.6666666666666666,15.166666666666666,5.833333333333333,60.333333333333336,560.8333333333334,21/22,0,training
Paris Saint-Germain,22/23,8,4,2,2,15,11,4,0.5,1.875,1.375,11.125,4.75,55.0,581.25,21/22,0,training
RB Leipzig,22/23,6,2,1,3,15,14,1,0.3333333333333333,2.5,2.3333333333333335,15.0,5.833333333333333,49.0,448.6666666666667,21/22,0,training
Rangers,22/23,2,0,0,2,2,4,-2,0.0,1.0,2.0,9.0,2.5,56.5,486.625,21/22,0,training
Real Madrid,22/23,13,9,0,4,29,14,15,0.6923076923076923,2.230769230769231,1.0769230769230769,14.0,5.384615384615385,51.15384615384615,570.6153846153846,21/22,0,training
Red Bull Salzburg,22/23,10,5,2,3,14,16,-2,0.5,1.4,1.6,13.2,5.4,47.7,411.0,21/22,0,training
Sevilla,22/23,6,1,3,2,5,5,0,0.1666666666666666,0.8333333333333334,0.8333333333333334,11.833333333333334,3.8333333333333335,60.833333333333336,531.5,21/22,0,training
Shakhtar Donetsk,22/23,10,3,3,4,9,16,-7,0.3,0.9,1.6,11.7,3.4,56.44444444444444,596.375,21/22,0,training
Shakhtyor Soligorsk,22/23,2,0,0,2,0,2,-2,0.0,0.0,1.0,12.3,4.464102564102564,50.833333333333336,486.625,21/22,0,training
Shamrock Rovers,22/23,2,1,0,1,2,3,-1,0.5,1.0,1.5,12.3,4.464102564102564,50.833333333333336,486.625,21/22,0,training
Sheriff Tiraspol,22/23,14,8,3,3,21,13,8,0.5714285714285714,1.5,0.9285714285714286,10.583333333333334,3.75,30.125,270.375,21/22,0,training
Sporting CP,22/23,8,3,1,4,14,17,-3,0.375,1.75,2.125,9.75,4.125,40.75,379.75,21/22,0,training
ŠK Slovan Bratislava,22/23,4,1,1,2,5,5,0,0.25,1.25,1.25,7.0,2.5,38.5,286.0,21/22,0,training
AC Milan,23/24,12,5,3,4,15,11,4,0.4166666666666667,1.25,0.9166666666666666,11.5,3.75,47.833333333333336,412.25,22/23,0,training
Atlético Madrid,23/24,6,1,2,3,5,9,-4,0.1666666666666666,0.8333333333333334,1.5,16.166666666666668,5.833333333333333,56.166666666666664,557.1666666666666,22/23,0,training
Benfica,23/24,14,10,3,1,38,15,23,0.7142857142857143,2.7142857142857144,1.0714285714285714,14.714285714285714,5.928571428571429,55.642857142857146,567.0714285714286,22/23,0,training
Borussia Dortmund,23/24,8,3,3,2,11,7,4,0.375,1.375,0.875,12.125,3.375,47.75,480.25,22/23,0,training
Celtic,23/24,6,0,2,4,4,15,-11,0.0,0.6666666666666666,2.5,13.833333333333334,5.0,43.833333333333336,490.6666666666667,22/23,0,training
FC Barcelona,23/24,6,2,1,3,12,12,0,0.3333333333333333,2.0,2.0,15.0,5.833333333333333,65.33333333333333,623.3333333333334,22/23,0,training
FC Bayern München,23/24,10,8,1,1,22,6,16,0.8,2.2,0.6,16.8,7.5,56.2,571.6,22/23,0,training
FC København,23/24,8,1,4,3,3,13,-10,0.125,0.375,1.625,8.625,2.625,37.25,375.625,22/23,0,training
FC Porto,23/24,8,4,1,3,12,8,4,0.5,1.5,1.0,14.25,5.25,47.375,420.5,22/23,0,training
FK Crvena Zvezda,23/24,4,2,1,1,11,5,6,0.5,2.75,1.25,13.0,4.5,46.0,341.0,22/23,0,training
FK Žalgiris,23/24,6,3,2,1,6,7,-1,0.5,1.0,1.1666666666666667,8.0,2.5,50.833333333333336,486.625,22/23,0,training
Ferencváros TC,23/24,6,2,2,2,12,8,4,0.3333333333333333,2.0,1.3333333333333333,10.333333333333334,5.666666666666667,52.0,486.625,22/23,0,training
GNK Dinamo Zagreb,23/24,12,5,2,5,17,18,-1,0.4166666666666667,1.4166666666666667,1.5,11.1,4.1,47.111111111111114,459.375,22/23,0,training
HJK,23/24,4,1,1,2,8,13,-5,0.25,2.0,3.25,12.3,4.464102564102564,50.833333333333336,486.625,22/23,0,training
HŠK Zrinjski Mostar,23/24,2,0,1,1,0,1,-1,0.0,0.0,0.5,12.3,4.464102564102564,50.833333333333336,486.625,22/23,0,training
Inter,23/24,13,7,3,3,19,11,8,0.5384615384615384,1.4615384615384617,0.8461538461538461,12.846153846153848,4.923076923076923,45.38461538461539,419.84615384615387,22/23,0,training
KF Ballkani,23/24,2,0,1,1,1,2,-1,0.0,0.5,1.0,12.3,4.464102564102564,50.833333333333336,486.625,22/23,0,training
Klaksvíkar Ítróttarfelag,23/24,2,1,0,1,3,4,-1,0.5,1.5,2.0,12.3,4.464102564102564,50.833333333333336,486.625,22/23,0,training
Lincoln Red Imps,23/24,2,1,0,1,2,3,-1,0.5,1.0,1.5,11.0,7.0,50.833333333333336,486.625,22/23,0,training
Ludogorets,23/24,6,3,0,3,10,8,2,0.5,1.6666666666666667,1.3333333333333333,9.0,4.0,46.0,486.625,22/23,0,training
Maccabi Haifa,23/24,12,4,2,6,21,28,-7,0.3333333333333333,1.75,2.3333333333333335,13.88888888888889,4.444444444444445,46.0,409.625,22/23,0,training
Manchester City,23/24,13,8,5,0,32,5,27,0.6153846153846154,2.4615384615384617,0.3846153846153846,15.461538461538462,7.0,60.23076923076923,632.6153846153846,22/23,0,training
Olympique de Marseille,23/24,6,2,0,4,8,8,0,0.3333333333333333,1.3333333333333333,1.3333333333333333,13.333333333333334,4.0,59.5,561.5,22/23,0,training
PSV Eindhoven,23/24,4,1,2,1,6,6,0,0.25,1.5,1.5,11.0,3.75,49.75,511.5,22/23,0,training
Paris Saint-Germain,23/24,8,4,2,2,16,10,6,0.5,2.0,1.25,12.5,5.5,57.0,615.375,22/23,0,training
Qarabağ FK,23/24,8,3,3,2,15,10,5,0.375,1.875,1.25,14.857142857142858,6.714285714285714,56.142857142857146,468.75,22/23,0,training
RB Leipzig,23/24,8,4,1,3,14,17,-3,0.5,1.75,2.125,11.0,4.25,49.75,515.75,22/23,0,training
Rangers,23/24,10,2,1,7,8,26,-18,0.2,0.8,2.6,8.777777777777779,3.0,40.625,393.625,22/23,0,training
Real Madrid,23/24,12,8,2,2,26,13,13,0.6666666666666666,2.1666666666666665,1.0833333333333333,15.583333333333334,6.75,53.833333333333336,594.3333333333334,22/23,1,training
Red Bull Salzburg,23/24,6,1,3,2,5,9,-4,0.1666666666666666,0.8333333333333334,1.5,14.166666666666666,4.833333333333333,39.166666666666664,327.1666666666667,22/23,0,training
SK Sturm Graz,23/24,2,0,0,2,1,3,-2,0.0,0.5,1.5,15.0,4.5,34.0,365.0,22/23,0,training
SSC Napoli,23/24,10,7,1,2,26,8,18,0.7,2.6,0.8,17.5,7.3,56.7,544.0,22/23,0,training
Sevilla,23/24,6,1,2,3,6,12,-6,0.1666666666666666,1.0,2.0,11.333333333333334,4.0,50.666666666666664,492.0,22/23,0,training
Shakhtar Donetsk,23/24,6,1,3,2,8,10,-2,0.1666666666666666,1.3333333333333333,1.6666666666666667,7.5,2.5,42.333333333333336,461.8333333333333,22/23,0,training
Shamrock Rovers,23/24,4,2,1,1,5,4,1,0.5,1.25,1.0,13.0,6.0,50.833333333333336,486.625,22/23,0,training
Sheriff Tiraspol,23/24,6,2,2,2,4,4,0,0.3333333333333333,0.6666666666666666,0.6666666666666666,8.0,3.0,50.833333333333336,486.625,22/23,0,training
The New Saints,23/24,2,1,0,1,1,2,-1,0.5,0.5,1.0,18.0,4.0,48.0,486.625,22/23,0,training
ŠK Slovan Bratislava,23/24,4,2,1,1,5,6,-1,0.5,1.25,1.5,13.0,5.0,50.833333333333336,486.625,22/23,0,training
AC Milan,24/25,6,2,2,2,5,8,-3,0.3333333333333333,0.8333333333333334,1.3333333333333333,15.833333333333334,4.833333333333333,43.5,365.6666666666667,23/24,0,training
AC Sparta Praha,24/25,2,0,1,1,5,7,-2,0.0,2.5,3.5,17.5,7.0,47.5,507.5,23/24,0,training
Arsenal,24/25,10,5,2,3,23,10,13,0.5,2.3,1.0,12.1,4.3,56.9,530.9,23/24,0,training
Atlético Madrid,24/25,10,6,2,2,26,15,11,0.6,2.6,1.5,13.7,5.3,49.0,569.1,23/24,0,training
BSC Young Boys,24/25,8,2,2,4,10,13,-3,0.25,1.25,1.625,11.125,3.125,42.625,358.625,23/24,0,training
Benfica,24/25,6,1,1,4,7,11,-4,0.1666666666666666,1.1666666666666667,1.8333333333333333,11.833333333333334,4.666666666666667,48.666666666666664,459.5,23/24,0,training
Borussia Dortmund,24/25,13,7,3,3,17,11,6,0.5384615384615384,1.3076923076923077,0.8461538461538461,13.153846153846152,4.846153846153846,45.46153846153846,429.0,23/24,0,training
Celtic,24/25,6,1,1,4,5,15,-10,0.1666666666666666,0.8333333333333334,2.5,7.666666666666667,3.6666666666666665,47.166666666666664,529.5,23/24,0,training
FC Barcelona,24/25,10,6,1,3,20,14,6,0.6,2.0,1.4,15.8,5.7,54.6,529.7,23/24,0,training
FC Bayern München,24/25,12,7,3,2,21,13,8,0.5833333333333334,1.75,1.0833333333333333,14.083333333333334,4.333333333333333,54.75,560.25,23/24,0,training
FC Struga Trim & Lum,24/25,2,0,1,1,1,2,-1,0.0,0.5,1.0,11.5,3.5,42.5,322.0,23/24,0,training
FK Crvena Zvezda,24/25,6,0,1,5,7,15,-8,0.0,1.1666666666666667,2.5,13.833333333333334,4.5,40.333333333333336,330.0,23/24,0,training
Ferencváros TC,24/25,2,0,1,1,0,3,-3,0.0,0.0,1.5,22.0,3.0,74.0,550.0,23/24,0,training
Feyenoord,24/25,6,2,0,4,9,10,-1,0.3333333333333333,1.5,1.6666666666666667,15.166666666666666,5.333333333333333,54.333333333333336,564.0,23/24,0,training
Flora Tallinn,24/25,2,0,0,2,0,4,-4,0.0,0.0,2.0,12.3,4.464102564102564,50.833333333333336,486.625,23/24,0,training
GNK Dinamo Zagreb,24/25,4,2,1,1,9,4,5,0.5,2.25,1.0,11.75,5.5,59.0,661.0,23/24,0,training
Galatasaray,24/25,12,6,3,3,22,18,4,0.5,1.8333333333333333,1.5,13.727272727272728,4.7272727272727275,55.36363636363637,480.90909090909093,23/24,0,training
HJK,24/25,4,2,1,1,4,4,0,0.5,1.0,1.0,2.0,1.0,50.833333333333336,486.625,23/24,0,training
Inter,24/25,8,4,3,1,12,10,2,0.5,1.5,1.25,14.875,4.75,52.5,535.75,23/24,0,training
KF Ballkani,24/25,2,1,0,1,2,4,-2,0.5,1.0,2.0,12.3,4.464102564102564,50.833333333333336,486.625,23/24,0,training
Klaksvíkar Ítróttarfelag,24/25,6,3,2,1,12,9,3,0.5,2.0,1.5,9.0,4.333333333333333,33.666666666666664,274.5,23/24,0,training
Larne FC,24/25,2,0,1,1,2,3,-1,0.0,1.0,1.5,3.0,0.0,50.833333333333336,486.625,23/24,0,training
Lincoln Red Imps,24/25,2,0,0,2,1,6,-5,0.0,0.5,3.0,12.3,4.464102564102564,50.833333333333336,486.625,23/24,0,training
Ludogorets,24/25,4,1,1,2,6,5,1,0.25,1.5,1.25,9.0,3.0,50.833333333333336,486.625,23/24,0,training
Manchester City,24/25,10,8,1,1,31,17,14,0.8,3.1,1.7,21.6,8.5,69.9,766.6,23/24,0,training
PSV Eindhoven,24/25,12,5,5,2,23,18,5,0.4166666666666667,1.9166666666666667,1.5,17.25,6.666666666666667,56.25,499.5,23/24,0,training
Paris Saint-Germain,24/25,12,5,2,5,19,15,4,0.4166666666666667,1.5833333333333333,1.25,17.833333333333332,5.583333333333333,64.5,601.1666666666666,23/24,1,training
Qarabağ FK,24/25,4,2,1,1,9,5,4,0.5,2.25,1.25,14.0,4.0,56.0,419.0,23/24,0,training
RB Leipzig,24/25,8,4,1,3,14,12,2,0.5,1.75,1.5,15.5,5.25,46.5,447.0,23/24,0,training
Rangers,24/25,4,1,2,1,6,9,-3,0.25,1.5,2.25,14.75,5.0,49.25,415.0,23/24,0,training
Real Madrid,24/25,13,10,3,0,32,18,14,0.7692307692307693,2.4615384615384617,1.3846153846153846,16.46153846153846,5.6923076923076925,53.0,576.6153846153846,23/24,0,training
Red Bull Salzburg,24/25,6,1,1,4,4,8,-4,0.1666666666666666,0.6666666666666666,1.3333333333333333,12.166666666666666,3.8333333333333335,43.5,392.1666666666667,23/24,0,training
SK Sturm Graz,24/25,2,0,0,2,2,7,-5,0.0,1.0,3.5,11.5,2.5,31.5,284.0,23/24,0,training
Shakhtar Donetsk,24/25,6,3,0,3,10,12,-2,0.5,1.6666666666666667,2.0,11.5,4.666666666666667,44.166666666666664,420.5,23/24,0,training
Shamrock Rovers,24/25,2,0,0,2,1,3,-2,0.0,0.5,1.5,11.0,5.0,48.0,486.625,23/24,0,training
The New Saints,24/25,2,0,0,2,1,5,-4,0.0,0.5,2.5,12.3,4.464102564102564,50.833333333333336,486.625,23/24,0,training
Ħamrun Spartans FC,24/25,2,0,0,2,1,6,-5,0.0,0.5,3.0,12.5,3.0,37.0,321.5,23/24,0,training
ŠK Slovan Bratislava,24/25,6,2,2,2,8,8,0,0.3333333333333333,1.3333333333333333,1.3333333333333333,9.666666666666666,3.6666666666666665,45.5,400.0,23/24,0,training
AS Monaco,25/26,10,4,2,4,16,17,-1,0.4,1.6,1.7,11.9,4.5,51.1,439.1,24/25,0,test
Arsenal,25/26,14,9,2,3,31,10,21,0.6428571428571429,2.2142857142857144,0.7142857142857143,13.142857142857142,6.0,51.0,445.42857142857144,24/25,0,test
Atalanta,25/26,10,4,3,3,22,11,11,0.4,2.2,1.1,17.4,6.5,53.3,505.5,24/25,0,test
Atlético Madrid,25/26,10,6,0,4,24,18,6,0.6,2.4,1.8,12.3,4.9,47.6,530.3,24/25,0,test
Bayer 04 Leverkusen,25/26,10,5,1,4,15,12,3,0.5,1.5,1.2,15.2,5.7,56.3,582.9,24/25,0,test
Benfica,25/26,12,5,2,5,21,19,2,0.4166666666666667,1.75,1.5833333333333333,14.25,5.666666666666667,44.333333333333336,407.5833333333333,24/25,0,test
Bodø/Glimt,25/26,6,5,0,1,14,5,9,0.8333333333333334,2.3333333333333335,0.8333333333333334,10.5,2.5,62.0,606.5,24/25,0,test
Borussia Dortmund,25/26,14,8,2,4,31,19,12,0.5714285714285714,2.2142857142857144,1.3571428571428572,14.214285714285714,6.142857142857143,51.857142857142854,499.3571428571428,24/25,0,test
Celtic,25/26,10,3,4,3,15,17,-2,0.3,1.5,1.7,9.6,4.0,50.8,507.0,24/25,0,test
Club Brugge KV,25/26,12,5,2,5,13,19,-6,0.4166666666666667,1.0833333333333333,1.5833333333333333,10.25,3.75,43.833333333333336,458.4166666666667,24/25,0,test
Dinamo Minsk,25/26,4,2,1,1,2,2,0,0.5,0.5,0.5,12.3,4.464102564102564,50.833333333333336,486.625,24/25,0,test
Dynamo Kyiv,25/26,6,3,2,1,13,6,7,0.5,2.1666666666666665,1.0,16.0,2.0,55.5,523.0,24/25,0,test
FC Barcelona,25/26,14,9,2,3,43,24,19,0.6428571428571429,3.0714285714285716,1.7142857142857142,16.0,7.0,61.857142857142854,593.4285714285714,24/25,0,test
FC Bayern München,25/26,14,8,2,4,31,18,13,0.5714285714285714,2.2142857142857144,1.2857142857142858,20.5,7.714285714285714,64.78571428571429,645.2857142857143,24/25,0,test
FC Differdange 03,25/26,2,0,1,1,0,2,-2,0.0,0.0,1.0,12.3,4.464102564102564,50.833333333333336,486.625,24/25,0,test
FCSB,25/26,6,3,2,1,16,6,10,0.5,2.6666666666666665,1.0,12.3,4.464102564102564,50.833333333333336,486.625,24/25,0,test
FK Crvena Zvezda,25/26,10,3,0,7,16,24,-8,0.3,1.6,2.4,12.3,4.1,43.2,372.4,24/25,0,test
Fenerbahçe,25/26,4,2,1,1,8,7,1,0.5,2.0,1.75,11.0,5.5,44.5,414.75,24/25,0,test
Ferencváros TC,25/26,4,2,1,1,8,4,4,0.5,2.0,1.0,13.75,5.25,59.0,488.0,24/25,0,test
Feyenoord,25/26,12,5,2,5,21,26,-5,0.4166666666666667,1.75,2.1666666666666665,10.333333333333334,3.9166666666666665,42.25,386.5,24/25,0,test
Galatasaray,25/26,2,0,0,2,2,4,-2,0.0,1.0,2.0,18.5,6.0,57.0,429.5,24/25,0,test
Inter,25/26,15,10,3,2,26,16,10,0.6666666666666666,1.7333333333333334,1.0666666666666669,12.133333333333333,4.466666666666667,46.733333333333334,469.46666666666664,24/25,0,test
Juventus,25/26,10,4,3,3,12,11,1,0.4,1.2,1.1,11.6,3.9,51.1,484.7,24/25,0,test
KF Egnatia,25/26,2,0,0,2,3,6,-3,0.0,1.5,3.0,12.3,4.464102564102564,50.833333333333336,486.625,24/25,0,test
Lincoln Red Imps,25/26,4,1,1,2,6,12,-6,0.25,1.5,3.0,12.3,4.464102564102564,50.833333333333336,486.625,24/25,0,test
Liverpool FC,25/26,10,8,0,2,19,10,9,0.8,1.9,1.0,14.6,6.1,51.0,507.8,24/25,0,test
Ludogorets,25/26,6,3,0,3,9,11,-2,0.5,1.5,1.8333333333333333,12.3,4.464102564102564,50.833333333333336,486.625,24/25,0,test
Maccabi Tel Aviv,25/26,2,0,1,1,1,2,-1,0.0,0.5,1.0,12.3,4.464102564102564,50.833333333333336,486.625,24/25,0,test
Malmö FF,25/26,6,2,1,3,12,13,-1,0.3333333333333333,2.0,2.1666666666666665,12.0,3.5,63.0,519.5,24/25,0,test
Manchester City,25/26,10,3,2,5,21,20,1,0.3,2.1,2.0,17.1,6.7,63.9,629.4,24/25,0,test
PSV Eindhoven,25/26,12,5,3,4,23,24,-1,0.4166666666666667,1.9166666666666667,2.0,17.25,6.5,55.0,515.5833333333334,24/25,0,test
Paris Saint-Germain,25/26,17,11,1,5,42,16,26,0.6470588235294118,2.4705882352941178,0.9411764705882352,18.88235294117647,7.0,61.588235294117645,626.1176470588235,24/25,1,test
Qarabağ FK,25/26,6,3,0,3,15,9,6,0.5,2.5,1.5,17.5,4.0,57.5,434.0,24/25,0,test
RFS,25/26,4,2,0,2,8,7,1,0.5,2.0,1.75,12.3,4.464102564102564,50.833333333333336,486.625,24/25,0,test
Rangers,25/26,2,0,1,1,1,3,-2,0.0,0.5,1.5,12.3,4.464102564102564,50.833333333333336,486.625,24/25,0,test
Real Madrid,25/26,14,9,0,5,33,24,9,0.6428571428571429,2.357142857142857,1.7142857142857142,15.142857142857142,6.214285714285714,53.07142857142857,541.8571428571429,24/25,0,test
Red Bull Salzburg,25/26,12,3,2,7,13,32,-19,0.25,1.0833333333333333,2.6666666666666665,10.5,3.5,47.166666666666664,457.8333333333333,24/25,0,test
Royale Union Saint-Gilloise,25/26,2,0,0,2,1,4,-3,0.0,0.5,2.0,12.3,4.464102564102564,50.833333333333336,486.625,24/25,0,test
SK Slavia Praha,25/26,4,3,0,1,6,4,2,0.75,1.5,1.0,13.5,4.5,44.5,322.5,24/25,0,test
SK Sturm Graz,25/26,8,2,0,6,5,14,-9,0.25,0.625,1.75,8.375,3.125,37.375,334.5,24/25,0,test
SS Virtus,25/26,2,0,0,2,1,11,-10,0.0,0.5,5.5,12.3,4.464102564102564,50.833333333333336,486.625,24/25,0,test
Sporting CP,25/26,10,3,3,4,13,15,-2,0.3,1.3,1.5,12.4,4.3,48.8,468.1,24/25,0,test
The New Saints,25/26,4,1,1,2,5,8,-3,0.25,1.25,2.0,5.5,1.5,39.0,358.5,24/25,0,test
Ħamrun Spartans FC,25/26,2,0,1,1,5,6,-1,0.0,2.5,3.0,12.3,4.464102564102564,50.833333333333336,486.625,24/25,0,test
ŠK Slovan Bratislava,25/26,16,5,3,8,25,34,-9,0.3125,1.5625,2.125,8.8,3.5,39.0,358.1,24/25,0,test
