season,team,matches,wins,draws,losses,goals_scored,goals_conceded,shots,shots_on_target,possession,passes,goal_difference,win_rate,goals_per_match,goals_conceded_per_match
20/21,AFC Ajax,6,2,1,3,7,7,11.666666666666666,5.0,56.333333333333336,526.3333333333334,0,0.3333333333333333,1.1666666666666667,1.1666666666666667
20/21,AZ Alkmaar,2,1,0,1,3,3,13.0,3.5,57.5,623.0,0,0.5,1.5,1.5
20/21,Astana,1,0,0,1,3,6,,,,,-3,0.0,3.0,6.0
20/21,Atalanta,8,3,2,3,11,12,11.375,5.25,46.25,466.875,-1,0.375,1.375,1.5
20/21,Atlético Madrid,8,2,3,3,7,11,11.875,4.0,48.625,475.0,-4,0.25,0.875,1.375
20/21,BSC Young Boys,2,1,0,1,3,4,8.0,3.0,58.0,436.0,-1,0.5,1.5,2.0
20/21,Başakşehir FK,6,1,0,5,7,18,10.666666666666666,3.6666666666666665,42.833333333333336,420.5,-11,0.16666666666666666,1.1666666666666667,3.0
20/21,Benfica,1,0,0,1,1,2,16.0,5.0,73.0,641.0,-1,0.0,1.0,2.0
20/21,Beşiktaş JK,1,0,0,1,1,3,,,,,-2,0.0,1.0,3.0
20/21,Borussia Dortmund,10,5,2,3,19,13,12.0,5.1,49.4,564.2,6,0.5,1.9,1.3
20/21,Borussia M'gladbach,8,2,2,4,16,13,9.375,4.125,41.625,462.125,3,0.25,2.0,1.625
20/21,CFR 1907 Cluj,2,1,0,1,9,8,,,,,1,0.5,4.5,4.0
20/21,CS Fola Esch,1,0,0,1,0,2,,,,,-2,0.0,0.0,2.0
20/21,Celtic,2,1,0,1,7,2,28.0,9.0,71.0,711.0,5,0.5,3.5,1.0
20/21,Chelsea,13,9,3,1,23,4,11.23076923076923,4.461538461538462,52.07692307692308,535.5384615384615,19,0.6923076923076923,1.7692307692307692,0.3076923076923077
20/21,Club Brugge KV,6,2,2,2,8,10,9.333333333333334,3.3333333333333335,50.166666666666664,508.6666666666667,-2,0.3333333333333333,1.3333333333333333,1.6666666666666667
20/21,Connah's Quay Nomads,1,0,0,1,0,2,,,,,-2,0.0,0.0,2.0
20/21,Dinamo Tbilisi,1,0,0,1,0,2,,,,,-2,0.0,0.0,2.0
20/21,Djurgårdens IF,1,0,0,1,0,2,,,,,-2,0.0,0.0,2.0
20/21,Dundalk FC,1,0,0,1,0,3,,,,,-3,0.0,0.0,3.0
20/21,Dynamo Brest,3,2,0,1,8,5,,,,,3,0.6666666666666666,2.6666666666666665,1.6666666666666667
20/21,Dynamo Kyiv,9,4,1,4,11,14,8.555555555555555,4.222222222222222,45.0,467.22222222222223,-3,0.4444444444444444,1.2222222222222223,1.5555555555555556
20/21,Europa FC,1,0,0,1,0,5,,,,,-5,0.0,0.0,5.0
20/21,FC Ararat-Armenia,1,0,0,1,0,1,,,,,-1,0.0,0.0,1.0
20/21,FC Barcelona,8,5,1,2,18,10,18.0,7.75,62.375,736.625,8,0.625,2.25,1.25
20/21,FC Bayern München,10,8,1,1,27,10,16.5,6.2,60.0,585.6,17,0.8,2.7,1.0
20/21,FC Drita,2,1,0,1,2,4,,,,,-2,0.5,1.0,2.0
20/21,FC Krasnodar,8,3,2,3,10,13,10.5,3.5,40.75,388.625,-3,0.375,1.25,1.625
20/21,FC Midtjylland,10,3,3,4,12,14,11.0,4.4,43.3,362.7,-2,0.3,1.2,1.4
20/21,FC Porto,10,6,1,3,15,9,8.3,3.9,39.5,364.2,6,0.6,1.5,0.9
20/21,FC Viktoria Plzeň,1,0,0,1,1,3,8.0,4.0,45.0,523.0,-2,0.0,1.0,3.0
20/21,FC Zenit,6,0,1,5,4,13,9.833333333333334,2.3333333333333335,45.666666666666664,457.0,-9,0.0,0.6666666666666666,2.1666666666666665
20/21,FK Budućnost Podgorica,1,0,0,1,1,3,,,,,-2,0.0,1.0,3.0
20/21,FK Crvena Zvezda,3,2,0,1,9,5,,,,,4,0.6666666666666666,3.0,1.6666666666666667
20/21,FK Sarajevo,2,1,0,1,3,2,,,,,1,0.5,1.5,1.0
20/21,FK Sileks Kratovo,1,0,0,1,0,4,,,,,-4,0.0,0.0,4.0
20/21,FK Sūduva Marijampolė,2,1,0,1,5,6,,,,,-1,0.5,2.5,3.0
20/21,Ferencváros TC,11,3,3,5,14,22,9.222222222222221,2.6666666666666665,43.22222222222222,463.8888888888889,-8,0.2727272727272727,1.2727272727272727,2.0
20/21,Flora Tallinn,1,0,0,1,3,5,,,,,-2,0.0,3.0,5.0
20/21,Floriana FC,1,0,0,1,0,2,,,,,-2,0.0,0.0,2.0
20/21,GNK Dinamo Zagreb,2,1,0,1,9,9,,,,,0,0.5,4.5,4.5
20/21,Inter,6,1,3,2,7,9,13.5,3.3333333333333335,50.166666666666664,512.6666666666666,-2,0.16666666666666666,1.1666666666666667,1.5
20/21,Inter Club d'Escaldes,1,0,0,1,1,2,,,,,-1,0.0,1.0,2.0
20/21,Juventus,8,6,0,2,18,8,15.5,6.375,55.125,607.125,10,0.75,2.25,1.0
20/21,KAA Gent,3,1,0,2,3,6,11.666666666666666,6.333333333333333,45.0,395.0,-3,0.3333333333333333,1.0,2.0
20/21,KF Tirana,2,1,0,1,2,1,,,,,1,0.5,1.0,0.5
20/21,KR Reykjavík,1,0,0,1,0,6,,,,,-6,0.0,0.0,6.0
20/21,Klaksvíkar Ítróttarfelag,1,0,0,1,1,3,,,,,-2,0.0,1.0,3.0
20/21,Kuopion Palloseura,1,0,0,1,0,5,,,,,-5,0.0,0.0,5.0
20/21,Lazio,8,2,4,2,13,13,11.5,4.75,44.625,464.75,0,0.25,1.625,1.625
20/21,Legia Warszawa,2,1,0,1,1,2,,,,,-1,0.5,0.5,1.0
20/21,Linfield FC,3,2,0,1,5,1,,,,,4,0.6666666666666666,1.6666666666666667,0.3333333333333333
20/21,Liverpool FC,10,6,2,2,15,6,11.0,4.4,52.1,545.6,9,0.6,1.5,0.6
20/21,Lokomotiv Moscow,6,0,3,3,5,10,6.833333333333333,3.0,38.666666666666664,354.1666666666667,-5,0.0,0.8333333333333334,1.6666666666666667
20/21,Ludogorets,2,1,0,1,3,2,11.0,4.0,53.0,407.0,1,0.5,1.5,1.0
20/21,Maccabi Tel Aviv,5,3,0,2,8,5,9.5,5.5,42.5,406.5,3,0.6,1.6,1.0
20/21,Manchester City,13,11,1,1,25,5,13.0,5.6923076923076925,60.38461538461539,684.5384615384615,20,0.8461538461538461,1.9230769230769231,0.38461538461538464
20/21,Manchester United,6,3,0,3,15,10,14.333333333333334,6.0,50.833333333333336,498.3333333333333,5,0.5,2.5,1.6666666666666667
20/21,Molde FK,5,3,2,0,16,9,13.5,2.5,52.0,519.5,7,0.6,3.2,1.8
20/21,NK Celje,2,1,0,1,4,2,,,,,2,0.5,2.0,1.0
20/21,NK Lokomotiva Zagreb,1,0,0,1,0,1,5.0,1.0,50.0,433.0,-1,0.0,0.0,1.0
20/21,Olympiacos FC,8,2,1,5,4,10,11.125,3.375,52.375,503.25,-6,0.25,0.5,1.25
20/21,Olympique de Marseille,6,1,0,5,2,13,8.333333333333334,2.1666666666666665,50.666666666666664,491.6666666666667,-11,0.16666666666666666,0.3333333333333333,2.1666666666666665
20/21,Omonia Nicosia,5,3,1,1,8,5,6.0,1.5,36.0,329.0,3,0.6,1.6,1.0
20/21,PAOK,4,2,0,2,7,6,12.0,3.6666666666666665,41.333333333333336,360.3333333333333,1,0.5,1.75,1.5
20/21,Paris Saint-Germain,12,6,1,5,22,15,12.0,4.416666666666667,48.333333333333336,483.0,7,0.5,1.8333333333333333,1.25
20/21,Qarabağ FK,3,2,0,1,11,7,,,,,4,0.6666666666666666,3.6666666666666665,2.3333333333333335
20/21,RB Leipzig,8,4,0,4,11,16,12.5,3.875,52.25,513.375,-5,0.5,1.375,2.0
20/21,Real Madrid,12,6,3,3,19,14,13.583333333333334,5.25,57.833333333333336,644.9166666666666,5,0.5,1.5833333333333333,1.1666666666666667
20/21,Red Bull Salzburg,8,3,1,4,15,19,18.5,7.625,51.125,477.125,-4,0.375,1.875,2.375
20/21,Riga FC,1,0,0,1,0,2,,,,,-2,0.0,0.0,2.0
20/21,SK Rapid Wien,2,1,0,1,2,2,14.5,7.0,52.5,422.5,0,0.5,1.0,1.0
20/21,SK Slavia Praha,2,0,1,1,1,4,11.0,3.5,54.0,392.0,-3,0.0,0.5,2.0
20/21,SP Tre Fiori,1,0,0,1,0,2,,,,,-2,0.0,0.0,2.0
20/21,Sevilla,8,4,2,2,13,13,16.125,6.375,60.625,578.875,0,0.5,1.625,1.625
20/21,Shakhtar Donetsk,6,2,2,2,5,12,6.833333333333333,2.8333333333333335,45.833333333333336,489.5,-7,0.3333333333333333,0.8333333333333334,2.0
20/21,Sheriff Tiraspol,2,1,0,1,3,2,,,,,1,0.5,1.5,1.0
20/21,Stade Rennais,6,0,1,5,3,11,12.166666666666666,4.5,49.333333333333336,477.5,-8,0.0,0.5,1.8333333333333333
21/22,AC Milan,6,1,1,4,6,9,8.0,2.8333333333333335,46.833333333333336,399.1666666666667,-3,0.16666666666666666,1.0,1.5
21/22,AC Sparta Praha,4,1,0,3,4,7,8.5,2.5,48.5,412.25,-3,0.25,1.0,1.75
21/22,AFC Ajax,8,6,1,1,22,8,16.125,6.25,61.625,571.5,14,0.75,2.75,1.0
21/22,AS Monaco,4,2,1,1,7,4,17.75,7.5,51.25,514.5,3,0.5,1.75,1.0
21/22,Atalanta,6,1,3,2,12,13,13.666666666666666,5.166666666666667,52.0,481.5,-1,0.16666666666666666,2.0,2.1666666666666665
21/22,Atlético Madrid,10,3,3,4,9,10,9.6,2.8,39.9,358.4,-1,0.3,0.9,1.0
21/22,BSC Young Boys,12,5,4,3,20,20,14.333333333333334,4.833333333333333,54.083333333333336,458.0833333333333,0,0.4166666666666667,1.6666666666666667,1.6666666666666667
21/22,Benfica,14,6,5,3,20,18,9.428571428571429,3.357142857142857,41.642857142857146,400.7857142857143,2,0.42857142857142855,1.4285714285714286,1.2857142857142858
21/22,Beşiktaş JK,6,0,0,6,3,19,8.166666666666666,2.0,44.333333333333336,411.5,-16,0.0,0.5,3.1666666666666665
21/22,Bodø/Glimt,2,0,0,2,2,5,,,,,-3,0.0,1.0,2.5
21/22,Borussia Dortmund,6,3,0,3,10,11,14.166666666666666,5.0,51.833333333333336,521.6666666666666,-1,0.5,1.6666666666666667,1.8333333333333333
21/22,Brøndby IF,2,0,0,2,2,4,6.5,2.5,37.5,328.5,-2,0.0,1.0,2.0
21/22,CFR 1907 Cluj,6,3,1,2,10,8,7.75,3.25,28.5,253.0,2,0.5,1.6666666666666667,1.3333333333333333
21/22,CS Fola Esch,2,0,1,1,2,7,,,,,-5,0.0,1.0,3.5
21/22,Celtic,2,0,1,1,2,3,10.5,3.0,63.0,610.0,-1,0.0,1.0,1.5
21/22,Chelsea,10,7,1,2,21,10,16.8,5.7,61.4,635.6,11,0.7,2.1,1.0
21/22,Club Brugge KV,6,1,1,4,6,20,10.166666666666666,4.333333333333333,38.5,368.8333333333333,-14,0.16666666666666666,1.0,3.3333333333333335
21/22,Connah's Quay Nomads,2,0,1,1,2,3,,,,,-1,0.0,1.0,1.5
21/22,Dinamo Tbilisi,2,0,0,2,2,4,,,,,-2,0.0,1.0,2.0
21/22,Dynamo Kyiv,6,0,1,5,1,11,8.0,2.8333333333333335,40.833333333333336,413.0,-10,0.0,0.16666666666666666,1.8333333333333333
21/22,FC Alashkert,4,1,1,2,4,6,5.0,1.5,,,-2,0.25,1.0,1.5
21/22,FC Barcelona,6,2,1,3,2,9,10.0,2.0,58.0,577.6666666666666,-7,0.3333333333333333,0.3333333333333333,1.5
21/22,FC Bayern München,10,7,2,1,31,7,19.0,7.1,63.3,618.3,24,0.7,3.1,0.7
21/22,FC Kairat Almaty,4,2,1,1,5,7,7.5,2.5,,,-2,0.5,1.25,1.75
21/22,FC Midtjylland,4,1,1,2,3,6,6.75,1.75,38.25,361.5,-3,0.25,0.75,1.5
21/22,FC Porto,6,1,2,3,4,11,10.833333333333334,3.0,48.0,384.3333333333333,-7,0.16666666666666666,0.6666666666666666,1.8333333333333333
21/22,FC Prishtina,4,2,0,2,5,6,,,,,-1,0.5,1.25,1.5
21/22,FC Spartak Moscow,2,0,0,2,0,4,7.5,3.5,35.5,364.0,-4,0.0,0.0,2.0
21/22,FC Zenit,6,1,2,3,10,10,13.5,4.5,45.666666666666664,452.8333333333333,0,0.16666666666666666,1.6666666666666667,1.6666666666666667
21/22,FK Borac Banja Luka,2,1,0,1,3,4,,,,,-1,0.5,1.5,2.0
21/22,FK Budućnost Podgorica,2,0,0,2,1,7,,,,,-6,0.0,0.5,3.5
21/22,FK Crvena Zvezda,4,1,1,2,7,4,14.75,5.0,,,3,0.25,1.75,1.0
21/22,FK Žalgiris,4,2,0,2,6,7,11.0,3.0,,,-1,0.5,1.5,1.75
21/22,Ferencváros TC,8,5,0,3,17,9,9.8,4.0,48.666666666666664,388.3333333333333,8,0.625,2.125,1.125
21/22,Flora Tallinn,4,2,0,2,6,3,8.5,3.0,,,3,0.5,1.5,0.75
21/22,GNK Dinamo Zagreb,8,5,2,1,10,6,15.2,4.4,63.666666666666664,533.0,4,0.625,1.25,0.75
21/22,Galatasaray,2,0,0,2,2,7,7.5,1.5,46.0,394.5,-5,0.0,1.0,3.5
21/22,HB Tórshavn,1,0,0,1,0,1,,,,,-1,0.0,0.0,1.0
21/22,HJK,4,2,1,1,10,5,10.0,3.0,,,5,0.5,2.5,1.25
21/22,Hibernians,2,0,0,2,0,5,,,,,-5,0.0,0.0,2.5
21/22,Inter,8,4,1,3,9,7,16.625,4.75,49.0,485.25,2,0.5,1.125,0.875
21/22,Inter Club d'Escaldes,2,1,0,1,1,2,,,,,-1,0.5,0.5,1.0
21/22,Juventus,8,5,1,2,11,10,13.0,4.75,51.5,523.0,1,0.625,1.375,1.25
21/22,KF Shkëndija,2,0,0,2,0,6,,,,,-6,0.0,0.0,3.0
21/22,KF Teuta Durrës,2,0,0,2,0,5,,,,,-5,0.0,0.0,2.5
21/22,KRC Genk,2,0,0,2,2,4,8.5,3.5,53.0,,-2,0.0,1.0,2.0
21/22,Legia Warszawa,6,4,1,1,9,5,9.25,2.75,43.0,,4,0.6666666666666666,1.5,0.8333333333333334
21/22,Lille,8,3,2,3,8,8,11.25,2.875,46.375,417.75,0,0.375,1.0,1.0
21/22,Lincoln Red Imps,4,1,1,2,8,6,7.0,4.0,,,2,0.25,2.0,1.5
21/22,Linfield FC,2,0,0,2,2,5,,,,,-3,0.0,1.0,2.5
21/22,Liverpool FC,13,10,1,2,30,14,17.23076923076923,6.3076923076923075,62.23076923076923,618.6923076923077,16,0.7692307692307693,2.3076923076923075,1.0769230769230769
21/22,Ludogorets,8,5,2,1,14,8,11.666666666666666,4.333333333333333,54.0,477.5,6,0.625,1.75,1.0
21/22,Maccabi Haifa,2,0,1,1,1,3,,,,,-2,0.0,0.5,1.5
21/22,Malmö FF,14,5,3,6,14,22,7.0,2.5454545454545454,40.4,376.75,-8,0.35714285714285715,1.0,1.5714285714285714
21/22,Manchester City,12,7,2,3,29,16,16.0,5.833333333333333,60.583333333333336,625.9166666666666,13,0.5833333333333334,2.4166666666666665,1.3333333333333333
21/22,Manchester United,8,3,3,2,12,10,10.875,5.0,54.0,521.5,2,0.375,1.5,1.25
21/22,Neftçi PFK,4,2,0,2,4,4,10.5,3.0,,,0,0.5,1.0,1.0
21/22,NŠ Mura,4,2,1,1,7,3,11.5,3.5,,,4,0.5,1.75,0.75
21/22,Olympiacos FC,4,2,1,1,6,7,9.0,2.75,,,-1,0.5,1.5,1.75
21/22,Omonia Nicosia,2,0,0,2,0,3,6.0,2.0,,,-3,0.0,0.0,1.5
21/22,PSV Eindhoven,6,4,1,1,12,4,15.166666666666666,5.833333333333333,60.333333333333336,560.8333333333334,8,0.6666666666666666,2.0,0.6666666666666666
21/22,Paris Saint-Germain,8,4,2,2,15,11,11.125,4.75,55.0,581.25,4,0.5,1.875,1.375
21/22,RB Leipzig,6,2,1,3,15,14,15.0,5.833333333333333,49.0,448.6666666666667,1,0.3333333333333333,2.5,2.3333333333333335
21/22,Rangers,2,0,0,2,2,4,9.0,2.5,56.5,,-2,0.0,1.0,2.0
21/22,Real Madrid,13,9,0,4,29,14,14.0,5.384615384615385,51.15384615384615,570.6153846153846,15,0.6923076923076923,2.230769230769231,1.0769230769230769
21/22,Red Bull Salzburg,10,5,2,3,14,16,13.2,5.4,47.7,411.0,-2,0.5,1.4,1.6
21/22,Riga FC,2,0,1,1,1,2,,,,,-1,0.0,0.5,1.0
21/22,SK Rapid Wien,2,1,0,1,2,3,8.0,3.5,48.0,354.0,-1,0.5,1.0,1.5
21/22,SK Slavia Praha,2,1,0,1,1,2,24.0,3.0,70.0,509.0,-1,0.5,0.5,1.0
21/22,SS Folgore / Falciano,1,0,0,1,0,2,,,,,-2,0.0,0.0,2.0
21/22,Sevilla,6,1,3,2,5,5,11.833333333333334,3.8333333333333335,60.833333333333336,531.5,0,0.16666666666666666,0.8333333333333334,0.8333333333333334
21/22,Shakhtar Donetsk,10,3,3,4,9,16,11.7,3.4,56.44444444444444,596.375,-7,0.3,0.9,1.6
21/22,Shakhtyor Soligorsk,2,0,0,2,0,2,,,,,-2,0.0,0.0,1.0
21/22,Shamrock Rovers,2,1,0,1,2,3,,,,,-1,0.5,1.0,1.5
21/22,Sheriff Tiraspol,14,8,3,3,21,13,10.583333333333334,3.75,30.125,270.375,8,0.5714285714285714,1.5,0.9285714285714286
21/22,Sporting CP,8,3,1,4,14,17,9.75,4.125,40.75,379.75,-3,0.375,1.75,2.125
21/22,Valur Reykjavík,2,0,0,2,2,5,,,,,-3,0.0,1.0,2.5
21/22,VfL Wolfsburg,6,1,2,3,5,10,7.0,2.0,43.5,377.6666666666667,-5,0.16666666666666666,0.8333333333333334,1.6666666666666667
21/22,Villarreal,12,5,3,4,20,16,9.75,3.8333333333333335,43.083333333333336,397.8333333333333,4,0.4166666666666667,1.6666666666666667,1.3333333333333333
21/22,ŠK Slovan Bratislava,4,1,1,2,5,5,7.0,2.5,38.5,286.0,0,0.25,1.25,1.25
22/23,AC Milan,12,5,3,4,15,11,11.5,3.75,47.833333333333336,412.25,4,0.4166666666666667,1.25,0.9166666666666666
22/23,AEK Larnaca,2,0,1,1,5,6,12.5,3.0,53.5,455.5,-1,0.0,2.5,3.0
22/23,AFC Ajax,6,2,0,4,11,16,10.833333333333334,4.0,53.333333333333336,528.6666666666666,-5,0.3333333333333333,1.8333333333333333,2.6666666666666665
22/23,AS Monaco,2,0,1,1,3,4,22.5,4.5,52.0,541.5,-1,0.0,1.5,2.0
22/23,Apollon Limassol,2,1,0,1,2,4,5.0,0.0,,,-2,0.5,1.0,2.0
22/23,Atlético Madrid,6,1,2,3,5,9,16.166666666666668,5.833333333333333,56.166666666666664,557.1666666666666,-4,0.16666666666666666,0.8333333333333334,1.5
22/23,Bayer 04 Leverkusen,6,1,2,3,4,8,13.833333333333334,4.833333333333333,51.833333333333336,504.8333333333333,-4,0.16666666666666666,0.6666666666666666,1.3333333333333333
22/23,Benfica,14,10,3,1,38,15,14.714285714285714,5.928571428571429,55.642857142857146,567.0714285714286,23,0.7142857142857143,2.7142857142857144,1.0714285714285714
22/23,Bodø/Glimt,8,4,1,3,20,9,10.75,4.25,55.0,624.0,11,0.5,2.5,1.125
22/23,Borussia Dortmund,8,3,3,2,11,7,12.125,3.375,47.75,480.25,4,0.375,1.375,0.875
22/23,CFR 1907 Cluj,2,0,1,1,5,6,,,,,-1,0.0,2.5,3.0
22/23,Celtic,6,0,2,4,4,15,13.833333333333334,5.0,43.833333333333336,490.6666666666667,-11,0.0,0.6666666666666666,2.5
22/23,Chelsea,10,5,1,4,12,9,15.4,5.5,57.9,553.3,3,0.5,1.2,0.9
22/23,Club Brugge KV,8,3,2,3,8,11,8.625,2.75,45.75,437.5,-3,0.375,1.0,1.375
22/23,Dinamo Batumi,2,0,1,1,1,2,12.0,5.0,,,-1,0.0,0.5,1.0
22/23,Dynamo Kyiv,6,3,1,2,5,7,9.6,2.6,54.75,606.25,-2,0.5,0.8333333333333334,1.1666666666666667
22/23,Eintracht Frankfurt,8,3,1,4,7,13,9.5,3.375,42.875,420.75,-6,0.375,0.875,1.625
22/23,F91 Dudelange,4,3,0,1,5,5,9.0,3.5,46.0,,0,0.75,1.25,1.25
22/23,FC Barcelona,6,2,1,3,12,12,15.0,5.833333333333333,65.33333333333333,623.3333333333334,0,0.3333333333333333,2.0,2.0
22/23,FC Bayern München,10,8,1,1,22,6,16.8,7.5,56.2,571.6,16,0.8,2.2,0.6
22/23,FC København,8,1,4,3,3,13,8.625,2.625,37.25,375.625,-10,0.125,0.375,1.625
22/23,FC Midtjylland,4,1,1,2,8,12,16.0,3.5,39.0,347.0,-4,0.25,2.0,3.0
22/23,FC Porto,8,4,1,3,12,8,14.25,5.25,47.375,420.5,4,0.5,1.5,1.0
22/23,FC Tobol,2,0,1,1,1,5,1.0,1.0,,,-4,0.0,0.5,2.5
22/23,FC Viktoria Plzeň,12,5,1,6,18,28,9.333333333333334,2.888888888888889,31.0,259.375,-10,0.4166666666666667,1.5,2.3333333333333335
22/23,FC Zürich,2,0,1,1,4,5,13.5,6.5,42.0,358.5,-1,0.0,2.0,2.5
22/23,FCI Levadia Tallinn,1,0,0,1,1,6,,,,,-5,0.0,1.0,6.0
22/23,FK Crvena Zvezda,4,2,1,1,11,5,13.0,4.5,46.0,341.0,6,0.5,2.75,1.25
22/23,FK Sutjeska Nikšić,2,0,0,2,0,3,,,,,-3,0.0,0.0,1.5
22/23,FK Žalgiris,6,3,2,1,6,7,8.0,2.5,,,-1,0.5,1.0,1.1666666666666667
22/23,Fenerbahçe,2,0,1,1,1,2,11.0,4.0,,,-1,0.0,0.5,1.0
22/23,Ferencváros TC,6,2,2,2,12,8,10.333333333333334,5.666666666666667,52.0,,4,0.3333333333333333,2.0,1.3333333333333333
22/23,GNK Dinamo Zagreb,12,5,2,5,17,18,11.1,4.1,47.111111111111114,459.375,-1,0.4166666666666667,1.4166666666666667,1.5
22/23,HJK,4,1,1,2,8,13,,,,,-5,0.25,2.0,3.25
22/23,Hibernians,2,0,1,1,0,3,,,,,-3,0.0,0.0,1.5
22/23,HŠK Zrinjski Mostar,2,0,1,1,0,1,,,,,-1,0.0,0.0,0.5
22/23,Inter,13,7,3,3,19,11,12.846153846153847,4.923076923076923,45.38461538461539,419.84615384615387,8,0.5384615384615384,1.4615384615384615,0.8461538461538461
22/23,Inter Club d'Escaldes,2,1,0,1,2,2,,,,,0,0.5,1.0,1.0
22/23,Juventus,6,1,0,5,9,13,13.0,4.5,48.166666666666664,470.1666666666667,-4,0.16666666666666666,1.5,2.1666666666666665
22/23,KF Ballkani,2,0,1,1,1,2,,,,,-1,0.0,0.5,1.0
22/23,KF Shkupi,4,1,1,2,5,5,13.0,4.5,,,0,0.25,1.25,1.25
22/23,KF Tirana,2,0,0,2,1,3,5.0,2.0,54.0,,-2,0.0,0.5,1.5
22/23,Klaksvíkar Ítróttarfelag,2,1,0,1,3,4,,,,,-1,0.5,1.5,2.0
22/23,La Fiorita,1,0,0,1,1,2,,,,,-1,0.0,1.0,2.0
22/23,Lech Poznań,2,1,0,1,2,5,3.0,2.0,45.0,,-3,0.5,1.0,2.5
22/23,Lincoln Red Imps,2,1,0,1,2,3,11.0,7.0,,,-1,0.5,1.0,1.5
22/23,Linfield FC,4,2,0,2,3,9,6.5,3.5,52.0,,-6,0.5,0.75,2.25
22/23,Liverpool FC,8,5,0,3,19,12,15.875,7.125,55.0,528.25,7,0.625,2.375,1.5
22/23,Ludogorets,6,3,0,3,10,8,9.0,4.0,46.0,,2,0.5,1.6666666666666667,1.3333333333333333
22/23,Maccabi Haifa,12,4,2,6,21,28,13.88888888888889,4.444444444444445,46.0,409.625,-7,0.3333333333333333,1.75,2.3333333333333335
22/23,Malmö FF,4,1,1,2,6,8,8.0,3.0,,,-2,0.25,1.5,2.0
22/23,Manchester City,13,8,5,0,32,5,15.461538461538462,7.0,60.23076923076923,632.6153846153846,27,0.6153846153846154,2.4615384615384617,0.38461538461538464
22/23,NK Maribor,4,1,2,1,2,1,,,,,1,0.25,0.5,0.25
22/23,Olympiacos FC,2,0,1,1,1,5,,,,,-4,0.0,0.5,2.5
22/23,Olympique de Marseille,6,2,0,4,8,8,13.333333333333334,4.0,59.5,561.5,0,0.3333333333333333,1.3333333333333333,1.3333333333333333
22/23,PSV Eindhoven,4,1,2,1,6,6,11.0,3.75,49.75,511.5,0,0.25,1.5,1.5
22/23,Paris Saint-Germain,8,4,2,2,16,10,12.5,5.5,57.0,615.375,6,0.5,2.0,1.25
22/23,Pyunik Yerevan,6,2,1,3,10,14,,,,,-4,0.3333333333333333,1.6666666666666667,2.3333333333333335
22/23,Qarabağ FK,8,3,3,2,15,10,14.857142857142858,6.714285714285714,56.142857142857146,468.75,5,0.375,1.875,1.25
22/23,RB Leipzig,8,4,1,3,14,17,11.0,4.25,49.75,515.75,-3,0.5,1.75,2.125
22/23,RFS,2,0,1,1,6,7,,,,,-1,0.0,3.0,3.5
22/23,Rangers,10,2,1,7,8,26,8.777777777777779,3.0,40.625,393.625,-18,0.2,0.8,2.6
22/23,Real Madrid,12,8,2,2,26,13,15.583333333333334,6.75,53.833333333333336,594.3333333333334,13,0.6666666666666666,2.1666666666666665,1.0833333333333333
22/23,Red Bull Salzburg,6,1,3,2,5,9,14.166666666666666,4.833333333333333,39.166666666666664,327.1666666666667,-4,0.16666666666666666,0.8333333333333334,1.5
22/23,Royale Union Saint-Gilloise,2,1,0,1,2,3,4.0,1.0,,,-1,0.5,1.0,1.5
22/23,SK Sturm Graz,2,0,0,2,1,3,15.0,4.5,34.0,365.0,-2,0.0,0.5,1.5
22/23,SSC Napoli,10,7,1,2,26,8,17.5,7.3,56.7,544.0,18,0.7,2.6,0.8
22/23,Sevilla,6,1,2,3,6,12,11.333333333333334,4.0,50.666666666666664,492.0,-6,0.16666666666666666,1.0,2.0
22/23,Shakhtar Donetsk,6,1,3,2,8,10,7.5,2.5,42.333333333333336,461.8333333333333,-2,0.16666666666666666,1.3333333333333333,1.6666666666666667
22/23,Shakhtyor Soligorsk,2,0,1,1,0,2,,,,,-2,0.0,0.0,1.0
22/23,Shamrock Rovers,4,2,1,1,5,4,13.0,6.0,,,1,0.5,1.25,1.0
22/23,Sheriff Tiraspol,6,2,2,2,4,4,8.0,3.0,,,0,0.3333333333333333,0.6666666666666666,0.6666666666666666
22/23,Sporting CP,6,2,1,3,8,9,7.5,3.5,45.666666666666664,434.8333333333333,-1,0.3333333333333333,1.3333333333333333,1.5
22/23,The New Saints,2,1,0,1,1,2,18.0,4.0,48.0,,-1,0.5,0.5,1.0
22/23,Tottenham Hotspur,8,3,3,2,8,7,12.125,4.0,50.375,487.5,1,0.375,1.0,0.875
22/23,Trabzonspor,2,0,1,1,1,2,15.0,3.5,63.5,599.5,-1,0.0,0.5,1.0
22/23,Víkingur Reykjavík,4,2,1,1,12,7,,,,,5,0.5,3.0,1.75
22/23,ŠK Slovan Bratislava,4,2,1,1,5,6,13.0,5.0,,,-1,0.5,1.25,1.5
23/24,1. FC Union Berlin,6,0,2,4,6,10,9.5,3.5,33.5,333.6666666666667,-4,0.0,1.0,1.6666666666666667
23/24,AC Milan,6,2,2,2,5,8,15.833333333333334,4.833333333333333,43.5,365.6666666666667,-3,0.3333333333333333,0.8333333333333334,1.3333333333333333
23/24,AC Sparta Praha,2,0,1,1,5,7,17.5,7.0,47.5,507.5,-2,0.0,2.5,3.5
23/24,AEK Athens,4,1,1,2,5,6,16.75,5.5,60.333333333333336,549.5,-1,0.25,1.25,1.5
23/24,Aris Limassol,4,2,0,2,12,8,15.5,6.75,56.0,462.0,4,0.5,3.0,2.0
23/24,Arsenal,10,5,2,3,23,10,12.1,4.3,56.9,530.9,13,0.5,2.3,1.0
23/24,Astana,4,1,1,2,3,8,11.0,2.3333333333333335,39.0,345.0,-5,0.25,0.75,2.0
23/24,Atlètic Club Escaldes,1,0,0,1,0,3,,,,,-3,0.0,0.0,3.0
23/24,Atlético Madrid,10,6,2,2,26,15,13.7,5.3,49.0,569.1,11,0.6,2.6,1.5
23/24,BATE Borisov,4,1,1,2,8,12,9.5,3.5,47.0,373.5,-4,0.25,2.0,3.0
23/24,BK Häcken,4,2,1,1,11,8,,,,,3,0.5,2.75,2.0
23/24,BSC Young Boys,8,2,2,4,10,13,11.125,3.125,42.625,358.625,-3,0.25,1.25,1.625
23/24,Benfica,6,1,1,4,7,11,11.833333333333334,4.666666666666667,48.666666666666664,459.5,-4,0.16666666666666666,1.1666666666666667,1.8333333333333333
23/24,Borussia Dortmund,13,7,3,3,17,11,13.153846153846153,4.846153846153846,45.46153846153846,429.0,6,0.5384615384615384,1.3076923076923077,0.8461538461538461
23/24,Breidablik Kópavogur,6,4,0,2,18,10,11.0,3.5,49.5,507.0,8,0.6666666666666666,3.0,1.6666666666666667
23/24,Celtic,6,1,1,4,5,15,7.666666666666667,3.6666666666666665,47.166666666666664,529.5,-10,0.16666666666666666,0.8333333333333334,2.5
23/24,Dinamo Tbilisi,2,0,1,1,2,3,10.0,5.0,50.0,457.0,-1,0.0,1.0,1.5
23/24,FC Barcelona,10,6,1,3,20,14,15.8,5.7,54.6,529.7,6,0.6,2.0,1.4
23/24,FC Bayern München,12,7,3,2,21,13,14.083333333333334,4.333333333333333,54.75,560.25,8,0.5833333333333334,1.75,1.0833333333333333
23/24,FC København,14,6,4,4,27,23,11.538461538461538,3.8461538461538463,43.07692307692308,449.61538461538464,4,0.42857142857142855,1.9285714285714286,1.6428571428571428
23/24,FC Porto,8,5,0,3,18,13,13.0,5.75,47.875,433.375,5,0.625,2.25,1.625
23/24,FC Struga Trim & Lum,2,0,1,1,1,2,11.5,3.5,42.5,322.0,-1,0.0,0.5,1.0
23/24,FCV Farul Constanța,2,1,0,1,1,3,11.0,4.0,52.0,403.0,-2,0.5,0.5,1.5
23/24,FK Budućnost Podgorica,2,1,0,1,3,5,,,,,-2,0.5,1.5,2.5
23/24,FK Crvena Zvezda,6,0,1,5,7,15,13.833333333333334,4.5,40.333333333333336,330.0,-8,0.0,1.1666666666666667,2.5
23/24,FK Partizani,2,0,1,1,1,3,,,,,-2,0.0,0.5,1.5
23/24,FK TSC Bačka Topola,2,0,0,2,1,7,4.5,1.5,,,-6,0.0,0.5,3.5
23/24,FK Žalgiris,4,1,2,1,4,4,12.333333333333334,3.3333333333333335,49.0,355.5,0,0.25,1.0,1.0
23/24,Ferencváros TC,2,0,1,1,0,3,22.0,3.0,74.0,550.0,-3,0.0,0.0,1.5
23/24,Feyenoord,6,2,0,4,9,10,15.166666666666666,5.333333333333333,54.333333333333336,564.0,-1,0.3333333333333333,1.5,1.6666666666666667
23/24,Flora Tallinn,2,0,0,2,0,4,,,,,-4,0.0,0.0,2.0
23/24,GNK Dinamo Zagreb,4,2,1,1,9,4,11.75,5.5,59.0,661.0,5,0.5,2.25,1.0
23/24,Galatasaray,12,6,3,3,22,18,13.727272727272727,4.7272727272727275,55.36363636363637,480.90909090909093,4,0.5,1.8333333333333333,1.5
23/24,HJK,4,2,1,1,4,4,2.0,1.0,,,0,0.5,1.0,1.0
23/24,HŠK Zrinjski Mostar,4,1,2,1,9,9,12.0,2.6666666666666665,52.333333333333336,448.3333333333333,0,0.25,2.25,2.25
23/24,Inter,8,4,3,1,12,10,14.875,4.75,52.5,535.75,2,0.5,1.5,1.25
23/24,KF Ballkani,2,1,0,1,2,4,,,,,-2,0.5,1.0,2.0
23/24,KRC Genk,2,0,1,1,4,7,24.0,9.5,64.0,574.0,-3,0.0,2.0,3.5
23/24,Klaksvíkar Ítróttarfelag,6,3,2,1,12,9,9.0,4.333333333333333,33.666666666666664,274.5,3,0.5,2.0,1.5
23/24,Larne FC,2,0,1,1,2,3,3.0,0.0,,,-1,0.0,1.0,1.5
23/24,Lazio,8,4,1,3,8,10,11.625,3.5,44.0,498.5,-2,0.5,1.0,1.25
23/24,Lincoln Red Imps,2,0,0,2,1,6,,,,,-5,0.0,0.5,3.0
23/24,Ludogorets,4,1,1,2,6,5,9.0,3.0,,,1,0.25,1.5,1.25
23/24,Maccabi Haifa,8,5,1,2,15,8,14.714285714285714,5.571428571428571,59.714285714285715,544.7142857142857,7,0.625,1.875,1.0
23/24,Manchester City,10,8,1,1,31,17,21.6,8.5,69.9,766.6,14,0.8,3.1,1.7
23/24,Manchester United,6,1,1,4,12,15,11.833333333333334,4.5,46.0,429.3333333333333,-3,0.16666666666666666,2.0,2.5
23/24,Molde FK,6,2,0,4,8,8,17.8,4.4,53.5,458.6666666666667,0,0.3333333333333333,1.3333333333333333,1.3333333333333333
23/24,NK Olimpija Ljubljana,6,3,1,2,7,8,14.75,4.75,45.333333333333336,360.0,-1,0.5,1.1666666666666667,1.3333333333333333
23/24,Newcastle United,6,1,2,3,6,7,10.333333333333334,4.5,45.666666666666664,386.5,-1,0.16666666666666666,1.0,1.1666666666666667
23/24,Olympique de Marseille,2,0,0,2,5,7,16.0,5.0,43.5,449.5,-2,0.0,2.5,3.5
23/24,PSV Eindhoven,12,5,5,2,23,18,17.25,6.666666666666667,56.25,499.5,5,0.4166666666666667,1.9166666666666667,1.5
23/24,Panathinaikos FC,6,3,1,2,13,11,10.666666666666666,2.5,52.4,475.8,2,0.5,2.1666666666666665,1.8333333333333333
23/24,Paris Saint-Germain,12,5,2,5,19,15,17.833333333333332,5.583333333333333,64.5,601.1666666666666,4,0.4166666666666667,1.5833333333333333,1.25
23/24,Qarabağ FK,4,2,1,1,9,5,14.0,4.0,56.0,419.0,4,0.5,2.25,1.25
23/24,RB Leipzig,8,4,1,3,14,12,15.5,5.25,46.5,447.0,2,0.5,1.75,1.5
23/24,RC Lens,6,2,2,2,6,11,10.0,2.8333333333333335,44.0,387.1666666666667,-5,0.3333333333333333,1.0,1.8333333333333333
23/24,Raków Częstochowa,8,5,2,1,12,6,7.5,3.3333333333333335,46.2,429.5,6,0.625,1.5,0.75
23/24,Rangers,4,1,2,1,6,9,14.75,5.0,49.25,415.0,-3,0.25,1.5,2.25
23/24,Real Madrid,13,10,3,0,32,18,16.46153846153846,5.6923076923076925,53.0,576.6153846153846,14,0.7692307692307693,2.4615384615384617,1.3846153846153846
23/24,Real Sociedad,8,3,3,2,8,6,13.375,4.375,52.25,460.5,2,0.375,1.0,0.75
23/24,Red Bull Salzburg,6,1,1,4,4,8,12.166666666666666,3.8333333333333335,43.5,392.1666666666667,-4,0.16666666666666666,0.6666666666666666,1.3333333333333333
23/24,Royal Antwerp FC,8,3,0,5,9,18,8.75,3.625,41.25,379.0,-9,0.375,1.125,2.25
23/24,SC Dnipro-1,2,0,1,1,3,5,10.0,4.0,55.0,472.0,-2,0.0,1.5,2.5
23/24,SK Sturm Graz,2,0,0,2,2,7,11.5,2.5,31.5,284.0,-5,0.0,1.0,3.5
23/24,SP Tre Penne,1,0,0,1,1,7,,,,,-6,0.0,1.0,7.0
23/24,SSC Napoli,8,3,2,3,12,13,13.625,4.125,53.125,523.875,-1,0.375,1.5,1.625
23/24,Servette FC,4,1,2,1,9,7,11.5,5.0,37.25,310.75,2,0.25,2.25,1.75
23/24,Sevilla,6,0,2,4,7,12,8.833333333333334,3.0,48.666666666666664,411.5,-5,0.0,1.1666666666666667,2.0
23/24,Shakhtar Donetsk,6,3,0,3,10,12,11.5,4.666666666666667,44.166666666666664,420.5,-2,0.5,1.6666666666666667,2.0
23/24,Shamrock Rovers,2,0,0,2,1,3,11.0,5.0,48.0,,-2,0.0,0.5,1.5
23/24,Sheriff Tiraspol,4,2,0,2,5,5,18.5,4.5,36.5,315.0,0,0.5,1.25,1.25
23/24,Sporting Braga,10,5,1,4,16,14,16.2,4.9,52.25,489.5,2,0.5,1.6,1.4
23/24,Swift Hesperange,2,0,1,1,1,3,14.5,6.0,59.5,484.5,-2,0.0,0.5,1.5
23/24,The New Saints,2,0,0,2,1,5,,,,,-4,0.0,0.5,2.5
23/24,Urartu,2,0,1,1,6,7,13.0,3.0,53.0,443.0,-1,0.0,3.0,3.5
23/24,Valmiera FC,2,0,0,2,2,4,13.0,8.0,54.0,478.0,-2,0.0,1.0,2.0
23/24,Ħamrun Spartans FC,2,0,0,2,1,6,12.5,3.0,37.0,321.5,-5,0.0,0.5,3.0
23/24,ŠK Slovan Bratislava,6,2,2,2,8,8,9.666666666666666,3.6666666666666665,45.5,400.0,0,0.3333333333333333,1.3333333333333333,1.3333333333333333
24/25,AC Milan,10,5,1,4,15,13,14.9,5.9,53.1,484.9,2,0.5,1.5,1.3
24/25,AC Sparta Praha,14,6,2,6,21,26,10.1,2.9,33.9,309.3,-5,0.42857142857142855,1.5,1.8571428571428572
24/25,APOEL Nicosia,4,1,2,1,2,3,,,,,-1,0.25,0.5,0.75
24/25,AS Monaco,10,4,2,4,16,17,11.9,4.5,51.1,439.1,-1,0.4,1.6,1.7
24/25,Arsenal,14,9,2,3,31,10,13.142857142857142,6.0,51.0,445.42857142857144,21,0.6428571428571429,2.2142857142857144,0.7142857142857143
24/25,Aston Villa,12,8,1,3,23,12,12.833333333333334,5.416666666666667,47.166666666666664,428.5833333333333,11,0.6666666666666666,1.9166666666666667,1.0
24/25,Atalanta,10,4,3,3,22,11,17.4,6.5,53.3,505.5,11,0.4,2.2,1.1
24/25,Atlético Madrid,10,6,0,4,24,18,12.3,4.9,47.6,530.3,6,0.6,2.4,1.8
24/25,BSC Young Boys,10,2,0,8,7,26,11.3,2.9,41.9,345.3,-19,0.2,0.7,2.6
24/25,Bayer 04 Leverkusen,10,5,1,4,15,12,15.2,5.7,56.3,582.9,3,0.5,1.5,1.2
24/25,Benfica,12,5,2,5,21,19,14.25,5.666666666666667,44.333333333333336,407.5833333333333,2,0.4166666666666667,1.75,1.5833333333333333
24/25,Bodø/Glimt,6,5,0,1,14,5,10.5,2.5,62.0,606.5,9,0.8333333333333334,2.3333333333333335,0.8333333333333334
24/25,Bologna,8,1,3,4,4,9,11.75,3.375,49.375,405.5,-5,0.125,0.5,1.125
24/25,Borussia Dortmund,14,8,2,4,31,19,14.214285714285714,6.142857142857143,51.857142857142854,499.35714285714283,12,0.5714285714285714,2.2142857142857144,1.3571428571428572
24/25,Celtic,10,3,4,3,15,17,9.6,4.0,50.8,507.0,-2,0.3,1.5,1.7
24/25,Club Brugge KV,12,5,2,5,13,19,10.25,3.75,43.833333333333336,458.4166666666667,-6,0.4166666666666667,1.0833333333333333,1.5833333333333333
24/25,Dinamo Batumi,2,1,0,1,2,3,,,,,-1,0.5,1.0,1.5
24/25,Dinamo Minsk,4,2,1,1,2,2,,,,,0,0.5,0.5,0.5
24/25,Dynamo Kyiv,6,3,2,1,13,6,16.0,2.0,55.5,523.0,7,0.5,2.1666666666666665,1.0
24/25,FC Barcelona,14,9,2,3,43,24,16.0,7.0,61.857142857142854,593.4285714285714,19,0.6428571428571429,3.0714285714285716,1.7142857142857142
24/25,FC Bayern München,14,8,2,4,31,18,20.5,7.714285714285714,64.78571428571429,645.2857142857143,13,0.5714285714285714,2.2142857142857144,1.2857142857142858
24/25,FC Differdange 03,2,0,1,1,0,2,,,,,-2,0.0,0.0,1.0
24/25,FC Lugano,2,0,0,2,4,6,11.0,4.0,54.5,507.0,-2,0.0,2.0,3.0
24/25,FC Midtjylland,6,3,2,1,10,5,17.0,6.0,52.666666666666664,396.3333333333333,5,0.5,1.6666666666666667,0.8333333333333334
24/25,FC Ordabasy,2,0,1,1,0,1,,,,,-1,0.0,0.0,0.5
24/25,FC Petrocub Hîncesti,4,1,2,1,2,2,,,,,0,0.25,0.5,0.5
24/25,FC Struga Trim & Lum,2,0,0,2,3,6,,,,,-3,0.0,1.5,3.0
24/25,FC Twente,2,0,1,1,4,5,10.0,4.0,42.5,375.0,-1,0.0,2.0,2.5
24/25,FCSB,6,3,2,1,16,6,,,,,10,0.5,2.6666666666666665,1.0
24/25,FK Borac Banja Luka,4,2,0,2,8,7,,,,,1,0.5,2.0,1.75
24/25,FK Crvena Zvezda,10,3,0,7,16,24,12.3,4.1,43.2,372.4,-8,0.3,1.6,2.4
24/25,FK Dečić Tuzi,2,0,1,1,1,4,,,,,-3,0.0,0.5,2.0
24/25,FK Panevėžys,4,1,1,2,5,8,,,,,-3,0.25,1.25,2.0
24/25,FK Partizan,2,0,0,2,2,9,,,,,-7,0.0,1.0,4.5
24/25,Fenerbahçe,4,2,1,1,8,7,11.0,5.5,44.5,414.75,1,0.5,2.0,1.75
24/25,Ferencváros TC,4,2,1,1,8,4,13.75,5.25,59.0,488.0,4,0.5,2.0,1.0
24/25,Feyenoord,12,5,2,5,21,26,10.333333333333334,3.9166666666666665,42.25,386.5,-5,0.4166666666666667,1.75,2.1666666666666665
24/25,Flora Tallinn,2,0,0,2,1,7,,,,,-6,0.0,0.5,3.5
24/25,GNK Dinamo Zagreb,10,5,2,3,17,19,10.3,3.5,38.5,336.7,-2,0.5,1.7,1.9
24/25,Galatasaray,2,0,0,2,2,4,18.5,6.0,57.0,429.5,-2,0.0,1.0,2.0
24/25,Girona FC,8,1,0,7,5,13,9.875,3.875,51.0,466.25,-8,0.125,0.625,1.625
24/25,HJK,2,0,1,1,1,4,,,,,-3,0.0,0.5,2.0
24/25,Inter,15,10,3,2,26,16,12.133333333333333,4.466666666666667,46.733333333333334,469.46666666666664,10,0.6666666666666666,1.7333333333333334,1.0666666666666667
24/25,Jagiellonia Białystok,4,2,0,2,8,6,,,,,2,0.5,2.0,1.5
24/25,Juventus,10,4,3,3,12,11,11.6,3.9,51.1,484.7,1,0.4,1.2,1.1
24/25,KF Ballkani,2,1,0,1,8,9,,,,,-1,0.5,4.0,4.5
24/25,KF Egnatia,2,0,0,2,3,6,,,,,-3,0.0,1.5,3.0
24/25,Klaksvíkar Ítróttarfelag,4,2,1,1,6,6,,,,,0,0.5,1.5,1.5
24/25,Larne FC,2,0,0,2,0,7,,,,,-7,0.0,0.0,3.5
24/25,Lille,14,7,3,4,25,17,10.785714285714286,4.285714285714286,50.785714285714285,473.14285714285717,8,0.5,1.7857142857142858,1.2142857142857142
24/25,Lincoln Red Imps,4,1,1,2,6,12,,,,,-6,0.25,1.5,3.0
24/25,Liverpool FC,10,8,0,2,19,10,14.6,6.1,51.0,507.8,9,0.8,1.9,1.0
24/25,Ludogorets,6,3,0,3,9,11,,,,,-2,0.5,1.5,1.8333333333333333
24/25,Maccabi Tel Aviv,2,0,1,1,1,2,,,,,-1,0.0,0.5,1.0
24/25,Malmö FF,6,2,1,3,12,13,12.0,3.5,63.0,519.5,-1,0.3333333333333333,2.0,2.1666666666666665
24/25,Manchester City,10,3,2,5,21,20,17.1,6.7,63.9,629.4,1,0.3,2.1,2.0
24/25,NK Celje,4,2,1,1,8,7,,,,,1,0.5,2.0,1.75
24/25,PAOK,4,2,1,1,9,8,,,,,1,0.5,2.25,2.0
24/25,PSV Eindhoven,12,5,3,4,23,24,17.25,6.5,55.0,515.5833333333334,-1,0.4166666666666667,1.9166666666666667,2.0
24/25,Paris Saint-Germain,17,11,1,5,42,16,18.88235294117647,7.0,61.588235294117645,626.1176470588235,26,0.6470588235294118,2.4705882352941178,0.9411764705882353
24/25,Pyunik Yerevan,2,0,1,1,0,1,,,,,-1,0.0,0.0,0.5
24/25,Qarabağ FK,6,3,0,3,15,9,17.5,4.0,57.5,434.0,6,0.5,2.5,1.5
24/25,RB Leipzig,8,1,0,7,8,15,12.875,4.625,47.5,450.5,-7,0.125,1.0,1.875
24/25,RFS,4,2,0,2,8,7,,,,,1,0.5,2.0,1.75
24/25,Rangers,2,0,1,1,1,3,,,,,-2,0.0,0.5,1.5
24/25,Real Madrid,14,9,0,5,33,24,15.142857142857142,6.214285714285714,53.07142857142857,541.8571428571429,9,0.6428571428571429,2.357142857142857,1.7142857142857142
24/25,Red Bull Salzburg,12,3,2,7,13,32,10.5,3.5,47.166666666666664,457.8333333333333,-19,0.25,1.0833333333333333,2.6666666666666665
24/25,Royale Union Saint-Gilloise,2,0,0,2,1,4,,,,,-3,0.0,0.5,2.0
24/25,SK Slavia Praha,4,3,0,1,6,4,13.5,4.5,44.5,322.5,2,0.75,1.5,1.0
24/25,SK Sturm Graz,8,2,0,6,5,14,8.375,3.125,37.375,334.5,-9,0.25,0.625,1.75
24/25,SS Virtus,2,0,0,2,1,11,,,,,-10,0.0,0.5,5.5
24/25,Shakhtar Donetsk,8,2,1,5,8,16,9.5,2.875,45.0,426.25,-8,0.25,1.0,2.0
24/25,Shamrock Rovers,4,1,1,2,4,7,,,,,-3,0.25,1.0,1.75
24/25,Sporting CP,10,3,3,4,13,15,12.4,4.3,48.8,468.1,-2,0.3,1.3,1.5
24/25,Stade Brestois,10,4,1,5,10,21,13.1,4.0,41.7,377.3,-11,0.4,1.0,2.1
24/25,The New Saints,4,1,1,2,5,8,5.5,1.5,39.0,358.5,-3,0.25,1.25,2.0
24/25,UE Santa Coloma,4,1,0,3,9,12,8.0,3.0,40.0,291.0,-3,0.25,2.25,3.0
24/25,VfB Stuttgart,8,3,1,4,13,17,17.375,5.625,59.125,550.125,-4,0.375,1.625,2.125
24/25,Víkingur Reykjavík,2,0,1,1,1,2,,,,,-1,0.0,0.5,1.0
24/25,Ħamrun Spartans FC,2,0,1,1,5,6,,,,,-1,0.0,2.5,3.0
24/25,ŠK Slovan Bratislava,16,5,3,8,25,34,8.8,3.5,39.0,358.1,-9,0.3125,1.5625,2.125
25/26,AFC Ajax,8,2,0,6,8,21,10.375,3.375,53.75,521.875,-13,0.25,1.0,2.625
25/26,AS Monaco,10,2,5,3,12,19,13.4,4.8,41.4,385.2,-7,0.2,1.2,1.9
25/26,Arsenal,15,11,3,1,33,11,14.4,5.8,51.13333333333333,442.8666666666667,22,0.7333333333333333,2.2,0.7333333333333333
25/26,Atalanta,12,5,1,6,16,23,13.833333333333334,4.416666666666667,48.5,460.8333333333333,-7,0.4166666666666667,1.3333333333333333,1.9166666666666667
25/26,Athletic Club,8,2,2,4,9,14,10.5,3.125,41.0,346.375,-5,0.25,1.125,1.75
25/26,Atlético Madrid,16,7,3,6,35,28,14.25,5.4375,49.3125,475.8125,7,0.4375,2.1875,1.75
25/26,Basel,2,0,1,1,1,3,15.5,5.5,51.5,482.0,-2,0.0,0.5,1.5
25/26,Bayer 04 Leverkusen,12,4,5,3,16,17,11.0,3.9166666666666665,52.25,535.8333333333334,-1,0.3333333333333333,1.3333333333333333,1.4166666666666667
25/26,Benfica,14,6,1,7,16,15,13.785714285714286,4.428571428571429,47.142857142857146,434.7142857142857,1,0.42857142857142855,1.1428571428571428,1.0714285714285714
25/26,Bodø/Glimt,14,6,3,5,28,24,11.357142857142858,5.071428571428571,46.92857142857143,455.2142857142857,4,0.42857142857142855,2.0,1.7142857142857142
25/26,Borussia Dortmund,10,4,2,4,22,21,11.0,4.7,53.5,504.8,1,0.4,2.2,2.1
25/26,Breidablik Kópavogur,4,1,0,3,6,9,,,,,-3,0.25,1.5,2.25
25/26,Celtic,2,0,1,1,2,3,11.0,4.0,71.0,708.5,-1,0.0,1.0,1.5
25/26,Chelsea,10,5,1,4,19,18,13.9,5.6,54.6,532.8,1,0.5,1.9,1.8
25/26,Club Brugge KV,14,7,2,5,32,27,14.785714285714286,6.571428571428571,49.714285714285715,498.92857142857144,5,0.5,2.2857142857142856,1.9285714285714286
25/26,Dinamo Minsk,2,0,1,1,2,3,,,,,-1,0.0,1.0,1.5
25/26,Dynamo Kyiv,4,2,0,2,6,3,,,,,3,0.5,1.5,0.75
25/26,Eintracht Frankfurt,8,1,1,6,10,21,6.875,3.0,39.5,412.25,-11,0.125,1.25,2.625
25/26,FC Barcelona,12,7,2,3,32,20,16.666666666666668,7.083333333333333,63.333333333333336,585.9166666666666,12,0.5833333333333334,2.6666666666666665,1.6666666666666667
25/26,FC Bayern München,14,11,1,2,43,20,18.428571428571427,8.071428571428571,60.785714285714285,623.6428571428571,23,0.7857142857142857,3.0714285714285716,1.4285714285714286
25/26,FC Differdange 03,2,0,0,2,2,4,,,,,-2,0.0,1.0,2.0
25/26,FC Drita,4,2,0,2,4,5,8.5,1.5,35.5,294.0,-1,0.5,1.0,1.25
25/26,FC Iberia 1999,2,0,0,2,2,6,,,,,-4,0.0,1.0,3.0
25/26,FC Kairat Almaty,16,4,4,8,21,31,10.272727272727273,2.909090909090909,40.90909090909091,377.1818181818182,-10,0.25,1.3125,1.9375
25/26,FC København,14,6,4,4,23,22,10.928571428571429,4.714285714285714,46.142857142857146,415.2142857142857,1,0.42857142857142855,1.6428571428571428,1.5714285714285714
25/26,FC Milsami Orhei,2,0,1,1,0,1,,,,,-1,0.0,0.0,0.5
25/26,FC Noah,4,1,1,2,7,8,10.0,5.0,54.0,419.5,-1,0.25,1.75,2.0
25/26,FC Viktoria Plzeň,4,2,0,2,5,6,22.0,9.0,48.0,381.6666666666667,-1,0.5,1.25,1.5
25/26,FCI Levadia Tallinn,2,0,0,2,0,2,,,,,-2,0.0,0.0,1.0
25/26,FCSB,4,1,0,3,5,6,,,,,-1,0.25,1.25,1.5
25/26,FK Budućnost Podgorica,2,0,1,1,2,3,,,,,-1,0.0,1.0,1.5
25/26,FK Crvena Zvezda,6,3,2,1,12,6,16.666666666666668,5.0,49.0,364.3333333333333,6,0.5,2.0,1.0
25/26,FK Žalgiris,2,1,0,1,12,13,,,,,-1,0.5,6.0,6.5
25/26,Fenerbahçe,4,1,1,2,6,5,10.5,4.0,50.25,399.0,1,0.25,1.5,1.25
25/26,Ferencváros TC,6,4,1,1,13,9,14.333333333333334,4.833333333333333,49.166666666666664,360.5,4,0.6666666666666666,2.1666666666666665,1.5
25/26,Feyenoord,2,1,0,1,4,6,14.5,6.0,49.5,356.0,-2,0.5,2.0,3.0
25/26,Galatasaray,12,5,1,6,17,20,13.0,5.083333333333333,50.333333333333336,449.5,-3,0.4166666666666667,1.4166666666666667,1.6666666666666667
25/26,HNK Rijeka,2,0,1,1,1,3,,,,,-2,0.0,0.5,1.5
25/26,HŠK Zrinjski Mostar,4,2,1,1,6,7,,,,,-1,0.5,1.5,1.75
25/26,Inter,10,5,0,5,17,12,18.0,5.4,57.3,544.6,5,0.5,1.7,1.2
25/26,Inter Club d'Escaldes,2,1,0,1,3,4,,,,,-1,0.5,1.5,2.0
25/26,Juventus,10,4,4,2,19,17,16.3,6.1,47.5,441.4,2,0.4,1.9,1.7
25/26,KF Egnatia,2,1,0,1,1,5,,,,,-4,0.5,0.5,2.5
25/26,KF Shkëndija,6,3,1,2,6,8,,,,,-2,0.5,1.0,1.3333333333333333
25/26,Kuopion Palloseura,4,2,1,1,3,3,,,,,0,0.5,0.75,0.75
25/26,Lech Poznań,4,2,1,1,10,5,11.0,4.0,60.0,516.0,5,0.5,2.5,1.25
25/26,Lincoln Red Imps,4,2,0,2,5,8,,,,,-3,0.5,1.25,2.0
25/26,Linfield FC,2,0,1,1,1,2,,,,,-1,0.0,0.5,1.0
25/26,Liverpool FC,12,7,0,5,24,13,19.166666666666668,7.5,52.75,483.1666666666667,11,0.5833333333333334,2.0,1.0833333333333333
25/26,Ludogorets,6,2,3,1,6,6,10.5,2.0,50.0,357.0,0,0.3333333333333333,1.0,1.0
25/26,Maccabi Tel Aviv,2,0,1,1,1,2,,,,,-1,0.0,0.5,1.0
25/26,Malmö FF,6,4,1,1,11,8,5.5,1.5,49.0,490.0,3,0.6666666666666666,1.8333333333333333,1.3333333333333333
25/26,Manchester City,10,5,1,4,16,14,15.6,6.9,58.7,600.8,2,0.5,1.6,1.4
25/26,NK Olimpija Ljubljana,2,0,1,1,1,3,,,,,-2,0.0,0.5,1.5
25/26,Newcastle United,12,6,3,3,29,18,14.083333333333334,6.583333333333333,49.0,421.75,11,0.5,2.4166666666666665,1.5
25/26,Nice,2,0,0,2,0,4,10.5,1.0,44.5,402.0,-4,0.0,0.0,2.0
25/26,Olympiacos FC,10,3,3,4,10,16,12.6,3.5,42.9,379.8,-6,0.3,1.0,1.6
25/26,Olympique de Marseille,8,3,0,5,11,14,13.75,5.375,55.375,526.875,-3,0.375,1.375,1.75
25/26,PSV Eindhoven,8,2,2,4,16,16,10.75,3.875,51.875,466.75,0,0.25,2.0,2.0
25/26,Pafos FC,14,6,5,3,16,14,10.1,3.6,39.0,331.1,2,0.42857142857142855,1.1428571428571428,1.0
25/26,Panathinaikos FC,2,0,1,1,1,3,17.0,5.0,34.0,276.0,-2,0.0,0.5,1.5
25/26,Paris Saint-Germain,17,11,4,2,49,26,18.764705882352942,6.9411764705882355,63.64705882352941,629.2941176470588,23,0.6470588235294118,2.8823529411764706,1.5294117647058822
25/26,Qarabağ FK,16,8,1,7,31,35,10.333333333333334,3.9166666666666665,45.25,389.0833333333333,-4,0.5,1.9375,2.1875
25/26,RFS,4,2,0,2,3,5,,,,,-2,0.5,0.75,1.25
25/26,Rangers,6,2,1,3,8,12,10.6,2.4,54.4,484.4,-4,0.3333333333333333,1.3333333333333333,2.0
25/26,Real Madrid,14,9,0,5,33,20,17.428571428571427,6.928571428571429,53.57142857142857,510.85714285714283,13,0.6428571428571429,2.357142857142857,1.4285714285714286
25/26,Red Bull Salzburg,4,1,1,2,7,6,16.25,5.5,45.25,414.0,1,0.25,1.75,1.5
25/26,Royale Union Saint-Gilloise,8,3,0,5,8,17,11.875,4.875,35.0,335.375,-9,0.375,1.0,2.125
25/26,SK Brann,2,0,1,1,2,5,9.0,3.5,55.0,499.0,-3,0.0,1.0,2.5
25/26,SK Slavia Praha,8,0,3,5,5,19,12.375,3.75,46.375,337.125,-14,0.0,0.625,2.375
25/26,SK Sturm Graz,2,1,0,1,2,6,13.0,4.5,46.5,426.0,-4,0.5,1.0,3.0
25/26,SS Virtus,2,0,0,2,1,4,,,,,-3,0.0,0.5,2.0
25/26,SSC Napoli,8,2,2,4,9,15,11.75,3.625,51.625,513.25,-6,0.25,1.125,1.875
25/26,Servette FC,2,1,0,1,2,3,11.5,3.5,48.5,393.0,-1,0.5,1.0,1.5
25/26,Shelbourne,4,1,1,2,2,5,,,,,-3,0.25,0.5,1.25
25/26,Sporting CP,12,6,2,4,22,15,12.916666666666666,5.083333333333333,50.083333333333336,490.0,7,0.5,1.8333333333333333,1.25
25/26,The New Saints,2,0,1,1,1,2,,,,,-1,0.0,0.5,1.0
25/26,Tottenham Hotspur,10,6,2,2,22,14,12.9,5.4,49.9,432.8,8,0.6,2.2,1.4
25/26,Villarreal,8,0,1,7,5,18,13.625,3.75,42.25,394.25,-13,0.0,0.625,2.25
25/26,Víkingur Gøta,2,0,0,2,2,4,,,,,-2,0.0,1.0,2.0
25/26,Ħamrun Spartans FC,4,1,0,3,13,18,,,,,-5,0.25,3.25,4.5
25/26,ŠK Slovan Bratislava,4,1,2,1,10,7,16.0,2.0,54.0,520.0,3,0.25,2.5,1.75
